issueCleanedBodyLen,meanCommentSizeT,nActorsT,nCommentsT,nCommitsByActorsT,nCommitsByCreator,nCommitsByUniqueActorsT,nCommitsInProject,nCommitsProjectT,nIssuesByCreator,nIssuesByCreatorClosed,nIssuesCreatedInProject,nIssuesCreatedInProjectClosed,nIssuesCreatedProjectClosedT,nIssuesCreatedProjectT,nLabelsT,nSubscribedByT,timeOpen
31,0,2,0,3365,0,75,442,3443,1,0,41,34,1347,1496,0,0,False
116,81,2,3,308,0,20,675,429,3,0,309,234,295,391,1,0,False
74,20,2,1,3253,0,74,333,3290,1,0,27,26,1339,1488,0,0,False
37,3,1,1,1401,53,47,1105,1554,72,71,366,337,786,929,1,0,True
13,0,2,0,1161,0,37,604,1212,1,0,288,222,627,758,0,0,False
47,0,2,0,1720,53,51,968,1932,27,23,326,287,909,1053,0,0,False
29,0,2,0,16,0,9,441,72,13,10,403,305,48,75,0,0,False
5,0,2,0,144,0,12,495,186,1,0,362,285,139,203,0,0,False
60,0,2,0,9,0,9,448,69,16,12,408,308,47,71,0,0,False
8,0,2,0,487,0,23,655,559,4,3,271,212,381,487,0,0,False
6,0,1,0,1032,143,35,469,1123,61,54,254,199,580,709,0,0,False
1147,12,2,4,3060,3,73,418,3167,4,3,40,37,1314,1463,0,0,False
32,0,3,0,21,0,9,454,77,8,4,402,305,52,86,0,1,False
31,19,1,1,1711,54,51,977,1932,30,27,330,292,909,1053,0,0,False
54,6,1,2,916,0,33,447,1027,21,15,245,181,532,655,0,0,False
2,0,2,0,442,0,22,623,498,22,21,285,225,352,454,0,0,False
2,0,1,0,1188,178,39,725,1267,57,49,303,244,657,789,0,0,False
4,0,1,0,2901,27,68,376,2942,26,25,106,93,1258,1404,0,0,False
4,1,1,1,4170,2,82,401,4261,5,4,6,5,1434,1583,0,0,False
18,0,1,0,559,199,26,643,707,71,60,266,207,421,534,0,0,False
8,0,1,0,1056,140,35,472,1142,61,51,251,194,583,713,0,0,False
49,0,1,0,1061,0,36,493,1159,1,0,252,198,592,723,0,0,False
136,9,5,4,140,0,12,485,173,1,0,370,292,132,196,1,0,False
160,13,3,5,155,22,12,493,193,34,34,354,281,142,209,1,0,False
84,45,2,2,2691,0,59,261,2740,3,0,89,74,1201,1347,0,0,False
174,132,2,2,1586,0,50,1024,1788,1,0,328,297,883,1027,0,0,False
16,0,1,0,1212,253,39,738,1275,33,32,296,240,670,804,0,0,False
83,17,2,2,1587,124,50,1041,1817,32,31,329,299,889,1033,0,0,False
209,23,2,1,2692,0,60,262,2751,2,0,86,73,1202,1348,0,0,False
30,5,2,2,74,161,10,432,145,88,73,391,300,103,161,1,0,False
151,30,2,2,859,4,30,455,956,7,5,236,181,506,627,0,0,False
3,0,1,0,574,191,26,628,714,69,58,263,202,422,535,0,0,False
27,17,5,3,2860,0,64,356,2897,2,0,107,97,1232,1378,0,0,False
42,0,2,0,1085,0,37,508,1181,11,9,273,209,605,736,0,0,False
78,2,1,1,814,146,29,486,897,65,56,246,193,487,604,0,0,False
56,32,2,1,1184,0,39,695,1259,5,4,300,242,653,785,0,0,False
132,51,2,3,789,0,29,505,883,2,1,250,197,484,601,0,0,False
559,34,2,2,1003,0,34,448,1072,1,0,251,192,559,685,0,0,False
52,36,3,2,586,4,26,616,716,10,7,256,199,422,535,1,0,False
2,0,2,0,445,0,22,626,501,21,18,285,218,354,457,0,0,False
37,1,2,1,2647,0,59,300,2708,1,0,105,95,1191,1337,0,0,False
57,0,1,0,2544,8,58,369,2635,17,11,127,111,1152,1297,0,0,False
76,0,2,0,3292,0,74,396,3363,1,0,34,29,1342,1491,0,0,False
20,0,1,0,1163,31,37,604,1212,50,49,287,221,627,758,0,0,False
13,0,2,0,2723,29,60,277,2799,8,6,94,85,1210,1356,0,0,False
81,5,3,1,1182,0,39,674,1253,1,0,298,238,648,780,1,0,True
2,0,2,0,245,0,19,640,335,9,8,325,255,261,347,0,0,False
12,14,1,1,2708,153,60,284,2792,10,6,92,83,1210,1356,0,0,False
10,30,2,3,3948,0,82,338,3995,5,1,29,23,1417,1566,0,0,False
2,0,2,0,164,0,14,542,227,2,1,358,272,171,243,0,0,False
7,0,1,0,780,156,29,513,881,70,60,253,199,483,600,0,0,False
26,0,2,0,1457,0,49,1085,1587,1,0,366,338,814,958,0,0,False
8,0,2,0,1147,0,37,575,1202,1,0,280,212,622,753,0,0,False
9,0,1,0,1865,33,51,844,2003,51,41,302,265,926,1070,0,0,False
165,36,7,22,1564,0,50,1040,1744,1,0,349,306,863,1007,2,1,False
7,0,1,0,2347,290,55,493,2473,44,42,175,156,1079,1223,0,0,False
157,90,4,4,2983,0,72,381,3027,1,0,67,52,1301,1449,0,0,False
2,0,2,0,244,1,19,631,317,4,3,333,259,251,335,0,0,False
6,0,1,0,2699,158,60,257,2754,15,10,84,74,1203,1349,0,0,False
6,0,1,0,275,155,20,652,392,70,56,313,244,281,370,0,0,False
2,0,1,0,1066,151,37,511,1167,62,53,265,211,595,726,0,0,False
134,38,3,3,4258,0,82,336,4344,1,0,1,0,1434,1583,0,0,False
14,0,2,0,1576,9,50,1031,1780,18,17,336,301,881,1025,0,0,False
40,66,3,13,3023,8,73,420,3093,11,10,51,46,1314,1462,0,0,False
9,0,1,0,2569,6,59,352,2663,10,9,123,114,1164,1309,0,0,False
121,37,3,3,1722,0,51,969,1935,6,4,328,287,910,1054,0,2,False
41,2,1,1,103,147,11,447,164,82,62,378,291,115,176,0,0,False
105,5,2,1,61,0,9,435,116,1,0,393,298,78,126,0,0,False
43,30,2,1,1434,0,48,1099,1575,1,0,369,342,802,946,0,0,False
70,11,2,1,1541,0,49,1058,1722,4,1,355,316,854,998,0,1,False
45,9,2,2,630,0,26,612,755,3,1,255,205,440,553,0,0,False
8,0,1,0,1300,0,44,1052,1363,1,0,369,328,714,852,0,0,False
22,24,2,3,2569,6,59,352,2660,11,9,124,114,1162,1307,0,0,False
27,51,3,2,2002,0,54,790,2285,1,0,287,257,1010,1154,0,0,False
434,4,2,1,859,0,30,454,942,2,0,236,181,502,622,0,0,False
15,0,1,0,2451,245,55,417,2541,34,33,154,134,1114,1258,0,0,False
141,1,2,1,2578,0,59,350,2688,4,3,122,112,1175,1320,0,0,False
139,64,3,2,370,0,21,657,463,2,0,297,226,319,419,1,0,False
35,0,1,0,2834,1,63,263,2859,1,0,104,91,1220,1366,0,0,False
51,4,2,1,1026,1,34,462,1092,1,0,254,196,567,696,0,0,False
24,0,2,0,641,4,26,607,758,8,5,258,207,441,554,0,0,False
55,42,3,4,3371,0,75,441,3444,1,0,40,34,1347,1496,0,0,False
54,6,2,1,1275,0,40,857,1302,3,1,302,255,684,821,0,0,False
5,0,2,0,1448,168,49,1091,1587,46,40,369,339,814,958,0,0,False
5,0,2,0,1270,3,40,778,1298,6,3,289,236,679,813,0,0,False
315,14,2,1,3281,0,74,368,3335,1,0,32,25,1342,1491,0,0,False
1,0,1,0,2066,373,54,734,2328,67,62,274,242,1033,1177,0,0,False
5,0,1,0,1038,140,35,464,1123,60,52,251,196,580,709,0,0,False
290,135,4,9,2454,13,55,416,2544,28,20,152,135,1115,1259,0,5,False
39,0,1,0,1748,45,51,958,1936,61,52,326,284,910,1054,0,0,False
12,0,1,0,2707,1,60,270,2776,2,1,87,75,1208,1354,0,0,False
33,0,2,0,1787,0,51,919,1962,13,12,309,274,914,1058,0,0,False
75,5,2,1,1671,57,50,987,1913,33,29,329,291,905,1049,1,0,True
10,32,2,4,2708,153,60,276,2786,13,6,89,78,1209,1355,0,0,False
9,0,2,0,753,0,29,532,865,4,2,260,209,480,597,0,0,False
122,0,2,0,1488,0,49,1059,1607,1,0,356,320,821,965,0,0,False
391,87,4,3,459,0,22,631,508,1,0,278,215,366,469,1,1,False
27,8,1,1,2479,11,56,404,2560,23,18,147,131,1124,1268,0,0,False
4,0,1,0,1505,147,49,1053,1673,37,35,351,319,834,978,0,0,False
114,7,3,1,502,0,23,669,625,1,0,272,207,407,517,1,0,False
24,1,2,1,2708,153,60,284,2792,12,6,94,83,1210,1356,0,0,False
66,21,5,4,1182,0,39,674,1253,1,0,297,238,648,780,0,1,False
4,0,1,0,1371,189,46,1107,1498,43,41,369,336,771,914,0,0,False
57,13,4,3,1389,0,46,1101,1523,1,0,370,338,777,920,0,1,False
37,0,1,0,198,27,16,576,244,36,34,346,266,192,269,0,0,False
256,9,1,1,20,0,9,439,75,1,0,398,300,50,78,0,0,False
15,0,1,0,305,169,20,676,427,70,55,313,236,294,387,0,0,False
7,0,1,0,1158,156,37,578,1204,58,48,282,215,623,754,0,0,False
31,1,2,2,3252,0,74,326,3290,2,0,28,25,1339,1488,0,0,False
2,0,2,0,41,0,9,449,108,10,9,397,301,71,116,0,0,False
37,0,1,0,1833,34,51,875,1992,52,42,303,267,922,1066,0,0,False
6,0,1,0,76,160,10,434,147,87,72,391,300,106,166,0,0,False
45,57,2,1,3948,0,82,338,3995,2,1,26,23,1417,1566,0,0,False
56,0,1,0,1537,55,49,1060,1722,79,67,355,315,854,998,0,0,False
6,0,1,0,377,21,21,650,466,22,22,296,225,324,424,0,0,False
11,0,3,0,3218,1,74,324,3277,1,0,31,27,1337,1486,0,0,False
28,0,2,0,1275,0,40,874,1310,1,0,307,261,688,825,0,0,False
5,0,1,0,53,173,9,439,108,94,75,394,293,73,118,0,0,False
9,67,4,2,2301,0,54,536,2423,6,1,195,168,1063,1207,1,0,True
77,1,1,1,1554,135,49,1047,1736,36,33,354,313,860,1004,1,0,False
100,0,2,0,2760,21,60,244,2811,4,2,89,79,1211,1357,0,0,False
27,8,3,3,2638,1,59,308,2708,4,3,108,98,1191,1337,0,0,False
79,9,3,2,891,0,31,466,1007,1,0,248,183,521,643,0,0,False
8,0,1,0,1263,170,40,748,1297,44,38,286,233,678,812,0,0,False
83,23,2,3,337,0,21,667,447,1,0,292,226,308,406,1,0,False
203,34,2,5,2675,0,59,277,2728,2,1,97,81,1198,1344,0,1,False
126,15,3,1,147,0,12,499,188,4,3,358,283,142,208,1,0,False
12,0,1,0,114,13,12,492,166,6,3,386,299,123,186,0,0,False
42,34,2,2,1732,51,51,966,1935,24,16,327,285,910,1054,0,1,False
174,5,2,1,1123,0,37,539,1187,3,1,269,207,614,745,0,0,False
8,0,1,0,914,0,33,449,1027,1,0,246,181,532,655,0,0,False
35,1,2,1,2981,12,72,383,3023,15,14,69,53,1298,1446,1,0,False
18,0,2,0,2908,1,69,373,2944,1,0,101,88,1259,1405,0,0,False
10,0,1,0,2026,386,54,772,2325,70,65,283,254,1031,1175,0,0,False
196,111,3,4,222,0,16,577,245,1,0,342,267,199,279,0,1,False
60,0,2,0,3212,4,74,330,3273,5,2,35,29,1337,1486,0,0,False
10,0,1,0,141,23,12,484,173,35,35,367,289,132,196,0,0,False
519,41,3,4,144,0,12,496,188,1,0,361,285,139,203,1,1,False
2,0,2,0,2242,7,54,588,2394,19,18,218,185,1056,1200,0,0,False
49,54,3,16,2837,0,63,272,2864,1,0,103,91,1222,1368,0,0,False
40,0,2,0,399,1,22,632,475,3,2,286,219,331,432,0,0,False
106,23,3,4,998,0,34,448,1067,1,0,251,191,558,684,0,0,False
2,0,2,0,487,0,23,646,555,11,10,271,211,381,487,0,0,False
55,0,1,0,1073,147,37,514,1172,63,54,273,221,601,732,0,0,False
1,0,1,0,2220,325,54,591,2388,53,49,226,191,1053,1197,0,0,False
105,9,3,2,1217,0,39,738,1276,1,0,293,238,670,804,0,0,False
26,0,1,0,262,25,19,654,364,26,26,312,244,269,358,0,0,False
19,8,2,1,1019,0,34,449,1086,1,0,252,195,562,690,0,0,False
39,74,2,3,3948,0,82,338,3995,1,0,25,22,1417,1566,0,0,False
26,16,2,1,2977,12,72,387,3021,16,15,70,54,1297,1445,1,0,False
9,0,1,0,860,139,30,454,965,59,49,235,180,509,630,0,0,False
103,23,2,1,3913,0,81,275,3948,1,0,29,26,1409,1558,0,0,False
37,0,1,0,3249,10,74,324,3290,1,0,30,27,1339,1488,0,0,False
2,0,2,0,496,0,23,664,608,8,7,274,211,402,510,0,0,False
35,41,2,1,3742,0,80,277,3830,1,0,40,33,1385,1534,0,0,False
9,0,1,0,24,5,9,451,77,3,2,400,305,54,90,0,0,False
86,158,2,7,2808,4,62,257,2843,3,1,104,90,1215,1361,0,0,False
5,0,1,0,176,175,16,579,238,69,56,356,275,182,258,0,0,False
54,11,1,1,1742,45,51,964,1936,62,52,327,284,910,1054,0,0,False
90,10,2,1,2482,245,56,403,2571,32,31,146,132,1128,1273,0,0,False
3,0,1,0,2630,15,59,316,2708,11,11,115,98,1191,1337,0,0,False
36,126,2,1,3656,1,79,334,3732,2,1,45,37,1377,1526,0,0,False
228,35,6,9,188,0,16,568,242,2,0,351,269,188,264,1,2,False
5,0,1,0,813,147,29,487,897,66,56,247,193,487,604,0,0,False
3,0,1,0,2237,18,54,587,2391,36,27,221,188,1055,1199,0,0,False
50,0,1,0,46,29,9,446,108,49,44,396,295,71,116,0,0,False
3,0,1,0,2730,139,60,272,2803,6,4,95,86,1210,1356,0,0,False
22,1,2,1,2992,0,72,377,3030,1,0,62,52,1302,1450,0,0,False
149,57,5,11,1314,191,45,1074,1390,45,40,369,329,727,867,0,5,True
10,0,1,0,1713,420,51,975,1932,65,62,329,289,909,1053,0,0,False
6,0,1,0,2265,328,54,567,2395,50,47,212,181,1056,1200,0,0,False
6,0,1,0,1707,94,51,981,1932,30,29,335,293,909,1053,0,0,False
9,0,1,0,727,0,28,548,837,27,25,266,217,467,583,0,0,False
37,0,1,0,1283,189,41,935,1314,44,38,323,278,693,830,0,0,False
15,0,1,0,940,138,33,442,1039,56,48,239,177,541,665,0,0,False
10,2,2,1,171,0,15,577,236,2,0,353,270,181,257,0,0,False
12,0,2,0,1147,0,37,573,1202,3,0,283,212,622,753,0,0,False
160,27,2,4,2890,0,67,376,2929,1,0,108,97,1254,1400,0,0,False
180,56,4,5,325,0,20,671,442,1,0,299,230,302,399,1,2,False
140,60,2,2,3947,0,82,330,3994,1,0,30,27,1417,1566,0,0,False
6,0,2,0,1714,54,51,974,1932,29,25,328,289,909,1053,0,0,False
6,0,2,0,2162,0,54,649,2373,8,5,244,210,1047,1191,0,0,False
8,0,1,0,1432,170,48,1096,1574,42,40,367,338,799,943,0,0,False
13,1,1,1,2708,153,60,284,2792,11,6,93,83,1210,1356,0,0,False
3,0,1,0,1602,118,50,1050,1847,31,30,342,309,891,1035,0,0,False
8,40,3,2,2634,1,59,312,2708,8,3,112,98,1191,1337,0,1,False
75,14,2,3,222,0,16,574,245,4,3,340,265,197,276,0,0,False
8,0,1,0,2235,19,54,589,2391,37,28,222,189,1055,1199,0,0,False
4,0,1,0,145,162,12,495,188,74,63,360,284,139,203,0,0,False
109,15,2,1,23,0,9,452,77,1,0,401,306,53,89,0,0,False
15,0,1,0,1637,416,50,1021,1887,61,59,336,296,901,1045,0,0,False
33,5,2,1,1253,174,39,750,1293,48,41,290,234,677,811,0,0,False
7,0,1,0,2396,270,55,463,2521,38,36,165,146,1100,1244,0,0,False
45,1,2,1,1067,0,37,517,1168,1,0,271,217,597,728,0,0,False
75,16,2,3,844,2,30,468,928,4,2,240,185,498,617,0,0,False
150,212,2,3,3494,0,75,387,3535,2,1,49,35,1354,1503,0,0,False
22,3,2,1,1548,0,49,1053,1726,4,2,355,316,857,1001,0,0,False
18,7,2,1,542,198,25,652,685,70,60,264,203,418,530,1,0,False
30,61,3,1,2453,0,55,415,2541,1,0,153,134,1114,1258,0,0,False
36,0,2,0,1584,0,50,1025,1788,1,0,331,299,883,1027,0,0,False
21,0,1,0,739,18,29,537,859,19,20,261,210,475,592,0,0,False
21,0,1,0,933,0,33,449,1031,18,14,242,180,536,660,0,0,False
52,5,2,1,1769,48,51,937,1944,18,15,316,278,911,1055,0,0,False
30,0,2,0,126,0,12,495,170,1,0,374,294,126,189,0,1,False
1,0,1,0,2201,330,54,610,2386,55,50,233,200,1052,1196,0,0,False
11,0,1,0,300,167,20,667,412,72,57,318,241,290,383,0,0,False
162,11,2,1,2076,0,54,726,2331,2,1,271,240,1039,1183,0,0,False
7,0,1,0,2095,366,54,708,2345,64,60,262,233,1041,1185,0,0,False
1,0,1,0,2686,163,59,266,2728,16,11,93,77,1198,1344,0,0,False
122,154,3,4,1172,0,39,645,1231,1,0,303,241,638,769,0,4,False
43,0,2,0,2914,2,70,371,2947,3,1,99,85,1260,1408,0,0,False
278,25,2,2,2928,0,70,368,2956,1,0,92,73,1265,1413,0,0,False
104,22,1,1,29,0,9,447,82,1,0,395,303,55,96,0,0,False
27,12,2,2,1629,53,50,1027,1871,75,61,337,297,897,1041,0,0,False
21,11,2,4,242,169,16,626,306,78,65,336,261,234,318,0,0,False
62,52,1,3,2393,15,55,466,2505,31,22,165,146,1096,1240,0,0,False
13,0,2,0,1294,1,42,1009,1342,9,7,358,311,709,847,0,0,False
2,0,2,0,392,0,22,637,475,7,6,291,221,331,432,0,0,False
18,0,2,0,20,2,9,439,75,6,5,397,300,50,78,0,0,False
16,0,2,0,2207,2,54,604,2387,5,4,232,198,1052,1196,0,0,False
19,0,2,0,753,0,29,532,865,1,0,257,207,480,597,0,0,False
53,14,5,5,622,0,26,605,743,2,1,255,203,431,544,1,2,False
74,35,2,1,2673,0,59,279,2728,1,0,98,82,1198,1344,0,0,False
8,0,1,0,472,197,22,632,517,73,60,276,213,368,471,0,0,False
126,9,2,1,137,163,12,486,173,73,64,370,293,132,196,1,1,False
11,0,2,0,3020,9,73,423,3085,12,10,52,46,1314,1462,0,0,False
60,31,5,20,3535,0,78,381,3578,2,0,49,38,1359,1508,0,0,False
4,0,1,0,1517,145,49,1053,1691,36,34,354,316,841,985,0,0,False
35,2,1,1,103,147,11,448,164,80,62,376,291,115,176,1,0,False
15,0,1,0,156,21,12,492,193,33,33,354,278,142,209,0,0,False
44,3,3,1,225,0,16,576,245,1,0,339,266,200,280,1,0,False
39,69,3,1,14,0,9,443,69,2,0,404,307,47,71,1,0,False
13,4,2,1,1392,68,47,1113,1534,39,36,370,340,781,924,0,0,True
22,14,2,1,317,0,20,673,438,2,1,300,230,300,397,1,0,False
43,27,3,1,2628,0,59,316,2708,1,0,118,99,1190,1336,1,0,True
4,0,1,0,2576,226,59,352,2688,25,24,123,112,1175,1320,0,0,False
100,17,1,1,957,0,34,431,1054,16,13,237,177,548,672,0,0,False
128,1,1,1,1365,0,46,1110,1491,1,0,371,341,766,909,0,0,False
22,20,2,1,871,0,30,469,992,1,0,242,183,514,635,0,0,False
7,0,1,0,1710,55,51,978,1932,31,27,331,292,909,1053,0,0,False
44,0,2,0,2350,9,55,490,2474,11,9,174,154,1080,1224,0,0,False
10,0,1,0,1692,47,50,976,1925,66,52,327,290,907,1051,0,0,False
324,0,2,0,2077,25,54,726,2331,43,34,269,238,1039,1183,0,1,False
189,80,4,3,188,0,16,571,244,1,0,348,269,190,266,1,0,False
33,38,3,1,475,0,22,633,519,1,0,276,215,368,472,0,0,False
74,1,2,1,2628,1,59,316,2708,10,3,117,99,1190,1336,0,0,False
19,0,1,0,673,25,27,591,796,26,28,259,212,451,566,0,0,False
56,2,2,1,1919,0,51,803,2057,5,4,293,259,937,1081,0,0,False
13,28,3,6,904,1,32,459,1021,3,1,247,183,528,651,0,1,False
107,2,1,1,119,170,12,498,170,79,66,380,297,125,188,1,0,False
20,0,1,0,325,40,20,672,442,7,7,298,230,303,400,0,0,False
22,1,3,1,2876,0,66,368,2916,1,0,106,94,1245,1391,0,0,False
10,0,1,0,2903,25,69,378,2944,25,24,104,92,1259,1405,0,0,False
6,0,1,0,1177,162,39,653,1247,57,49,301,240,644,775,0,0,False
8,0,2,0,2010,0,54,788,2307,4,3,284,256,1027,1171,0,0,False
10,0,1,0,2324,304,54,514,2453,46,44,186,161,1073,1217,0,0,False
46,1,2,1,2296,0,54,541,2408,7,1,199,171,1060,1204,0,0,False
9,0,2,0,2502,65,57,388,2596,16,14,140,122,1132,1277,0,0,False
35,0,1,0,701,0,28,574,803,28,26,263,215,455,571,0,0,False
9,40,3,6,4055,7,82,471,4111,13,11,14,12,1422,1571,0,2,False
57,0,2,0,309,0,20,675,429,3,0,308,234,295,391,0,0,False
33,0,1,0,1803,39,51,905,1962,56,46,309,274,915,1059,0,0,False
53,5,3,1,1382,0,46,1100,1511,1,0,370,338,776,919,1,0,True
4,0,1,0,375,165,21,652,463,67,53,296,225,322,422,0,0,False
148,21,3,5,3029,0,73,414,3094,1,0,47,43,1314,1462,0,1,False
5,0,2,0,3781,0,80,244,3854,3,2,37,32,1390,1539,0,0,False
2,0,1,0,1749,44,51,957,1936,60,51,325,283,910,1054,0,0,False
98,18,4,3,2379,68,55,472,2481,18,16,170,151,1084,1228,0,0,False
77,16,1,1,2913,2,70,372,2947,4,3,100,87,1260,1408,0,0,False
4,0,1,0,1987,402,53,802,2245,71,66,293,257,996,1140,0,0,False
6,0,1,0,1369,191,46,1109,1497,44,42,370,340,771,914,0,0,False
7,0,1,0,1709,46,51,979,1932,65,52,333,292,909,1053,0,0,False
46,0,1,0,262,25,19,652,364,30,30,314,246,269,358,0,0,False
22,0,2,0,2427,0,55,438,2534,2,0,160,137,1110,1254,0,0,False
17,1,1,1,2859,72,64,347,2892,5,4,102,91,1232,1378,0,0,False
38,0,2,0,19,0,9,438,72,12,8,402,302,48,75,0,0,False
145,0,1,0,324,168,20,672,442,69,54,300,230,301,398,1,0,False
279,163,3,7,3916,0,81,278,3951,1,0,28,25,1411,1560,0,0,False
2,0,1,0,2376,268,55,469,2479,42,40,170,151,1080,1224,0,0,False
1,0,1,0,2645,188,59,301,2708,21,17,106,95,1191,1337,0,0,False
69,0,2,0,2292,0,54,545,2401,1,0,201,170,1059,1203,0,0,False
60,21,2,3,2559,6,59,361,2658,14,9,128,114,1161,1306,0,1,False
28,0,2,0,116,173,12,501,170,80,67,382,298,125,188,1,0,False
151,58,2,17,3082,0,73,422,3177,2,1,36,34,1316,1465,0,0,False
1279,24,2,6,244,0,19,637,324,1,0,329,256,252,336,0,1,False
42,0,1,0,1581,52,50,1028,1788,77,66,334,301,883,1027,0,0,False
52,1,3,1,983,0,34,418,1058,1,0,245,180,552,677,1,0,False
53,0,2,0,20,0,9,446,77,9,5,399,302,52,86,0,0,False
15,0,1,0,513,0,24,669,648,30,28,272,209,412,523,0,0,False
257,1,2,1,2255,2,54,575,2394,4,3,215,183,1056,1200,0,0,False
2,0,2,0,477,0,23,646,541,1,0,274,215,378,483,0,0,False
46,13,2,1,463,197,22,636,516,74,63,280,218,367,470,1,0,False
21,16,2,1,1275,0,40,807,1299,1,0,291,243,682,819,0,0,False
11,0,1,0,507,0,24,675,645,31,29,268,207,411,522,0,0,False
97,41,2,1,242,25,17,629,313,33,31,335,261,245,329,1,0,False
90,4,2,1,3214,3,74,328,3274,3,1,33,28,1337,1486,0,0,False
106,0,1,0,1566,0,50,1039,1758,1,0,346,306,867,1011,0,0,False
174,31,3,5,121,0,12,498,170,1,0,377,296,125,188,2,0,False
94,0,1,0,1871,0,51,838,2003,2,1,300,263,926,1070,0,0,False
6,0,1,0,1524,389,49,1054,1703,58,55,355,315,844,988,0,0,False
202,33,4,3,1769,48,51,937,1944,20,15,318,278,911,1055,0,1,False
93,26,3,1,2536,0,57,365,2610,6,4,126,108,1140,1285,0,0,False
88,34,2,1,315,0,20,672,437,1,0,300,230,298,394,0,0,False
36,5,3,1,1579,0,50,1030,1787,1,0,336,303,882,1026,2,0,True
702,65,5,5,564,0,26,638,708,1,0,265,207,421,534,1,2,False
80,23,2,2,4051,7,82,475,4107,14,12,15,13,1422,1571,0,0,False
2,0,2,0,477,0,23,646,538,3,2,276,216,376,480,0,0,False
21,0,1,0,1045,141,35,466,1126,62,53,253,196,581,711,0,0,False
81,0,1,0,1318,48,45,1071,1394,65,63,367,328,730,870,0,0,False
102,16,2,1,2691,0,59,261,2740,2,0,88,74,1201,1347,0,0,False
57,15,2,1,3529,0,77,365,3559,1,0,47,35,1356,1505,0,0,False
8,1,2,1,3647,0,78,326,3722,6,5,47,37,1374,1523,0,0,False
77,0,2,0,2486,10,57,399,2575,21,16,143,129,1129,1274,0,0,False
36,0,2,0,733,0,28,542,843,1,0,264,214,469,586,0,0,False
1,0,2,0,3265,0,74,341,3292,2,1,27,21,1342,1491,0,0,False
65,0,2,0,1125,0,37,563,1196,7,6,275,214,617,748,0,0,False
49,7,2,1,551,0,26,647,703,4,1,263,205,421,533,1,0,False
8,0,1,0,2147,342,54,664,2370,57,54,248,218,1046,1190,0,0,False
19,33,2,3,1063,0,37,512,1166,1,0,265,211,595,726,0,0,False
9,2,2,1,229,0,16,591,260,1,0,332,256,209,290,0,0,False
10,0,2,0,2917,1,70,370,2948,1,0,96,83,1260,1408,0,0,False
42,18,2,4,1027,0,34,461,1092,14,12,252,196,567,696,0,0,False
9,0,1,0,855,141,30,458,942,60,50,237,180,502,622,0,0,False
116,105,3,3,2688,6,59,264,2729,8,6,92,77,1198,1344,0,0,False
9,4,2,1,1962,0,52,821,2213,10,9,296,262,983,1127,0,0,False
51,23,3,2,65,0,10,436,139,1,0,391,298,92,147,0,0,False
52,3,1,1,103,147,11,448,164,78,62,374,291,115,176,1,0,False
29,42,2,3,996,0,34,438,1065,1,0,251,188,557,683,0,1,False
8,49,2,1,3768,0,80,252,3853,1,0,39,33,1390,1539,0,0,False
4,0,1,0,1492,159,49,1060,1632,43,39,355,320,826,970,0,0,False
157,9,1,1,1109,0,37,534,1184,1,0,267,206,613,744,0,0,False
179,3,3,2,1898,0,51,814,2011,1,0,295,258,929,1073,0,0,False
60,3,2,1,3948,0,82,338,3995,3,1,27,23,1417,1566,0,0,False
5,0,1,0,1982,403,53,807,2241,72,67,294,258,995,1139,0,0,False
40,14,2,2,1200,0,39,731,1275,2,0,303,244,665,799,0,0,False
53,2,2,1,3850,0,80,203,3874,4,0,34,26,1395,1544,0,0,False
23,13,2,1,1497,0,49,1055,1633,5,3,352,318,826,970,0,0,False
2,0,2,0,164,0,13,521,225,1,0,355,271,159,230,0,0,False
36,34,2,3,2834,1,63,263,2859,2,1,105,92,1220,1366,0,0,False
202,31,2,1,2266,0,54,566,2395,1,0,211,181,1056,1200,0,0,False
8,0,1,0,109,153,12,463,166,76,62,371,286,119,180,0,0,False
28,8,3,2,94,1,11,449,164,11,5,382,305,115,176,0,0,False
85,0,2,0,116,0,12,492,166,2,1,385,298,123,186,0,0,False
29,0,2,0,2541,58,58,366,2628,13,11,127,110,1142,1287,0,0,False
2,0,2,0,445,0,22,627,501,19,18,283,218,354,457,0,0,False
74,7,2,1,2607,1,59,335,2706,11,10,121,110,1189,1335,0,0,False
45,0,1,0,2275,320,54,560,2395,48,45,207,176,1056,1200,0,0,False
203,16,2,1,274,0,20,653,392,1,0,313,244,280,369,0,0,False
19,0,1,0,1629,53,50,1027,1871,74,61,336,297,898,1042,0,0,False
2,0,1,0,1197,176,39,726,1275,56,48,303,244,662,794,0,0,False
85,7,2,3,2635,1,59,311,2708,6,3,109,98,1191,1337,0,0,False
5,0,2,0,4123,7,82,424,4196,11,10,12,11,1431,1580,0,0,False
63,0,1,0,379,20,21,648,467,21,21,295,224,324,424,0,0,False
80,16,4,4,2329,0,54,510,2457,2,0,182,159,1075,1219,0,1,False
51,43,2,5,302,0,20,677,426,7,3,315,240,294,387,0,0,False
5,0,1,0,1097,144,37,523,1182,59,50,270,204,610,741,0,0,False
10,0,2,0,2161,3,54,650,2373,6,5,245,213,1047,1191,0,0,False
106,4,2,2,606,0,26,606,731,2,0,249,196,426,539,0,0,False
30,33,3,3,1320,0,45,1071,1397,5,4,368,330,731,871,0,0,True
21,0,1,0,1151,28,37,575,1202,46,46,281,215,622,753,0,0,False
3,0,1,0,1333,190,46,1062,1401,44,39,364,327,735,875,0,0,False
67,0,2,0,404,1,22,645,487,2,0,291,226,340,441,0,0,False
119,33,2,1,2528,1,57,364,2606,10,6,129,107,1138,1283,0,0,False
119,0,2,0,424,0,22,634,495,1,0,290,226,343,445,0,0,False
79,15,2,1,1314,0,45,1074,1390,1,0,368,328,727,867,0,0,False
14,0,1,0,3056,4,73,422,3167,5,4,42,39,1314,1463,0,0,False
5,0,1,0,230,25,16,607,267,34,32,334,259,218,300,0,0,False
115,62,2,1,2352,7,55,488,2474,10,9,173,154,1080,1224,0,0,False
51,32,3,2,50,0,9,442,108,5,2,395,295,71,116,1,0,False
14,0,2,0,1740,0,51,958,1935,14,13,326,282,910,1054,0,0,False
65,1,2,1,1275,0,40,826,1300,1,0,295,247,683,820,0,0,False
8,35,3,3,781,0,29,512,881,3,0,252,199,483,600,0,0,False
10,0,2,0,2062,375,54,737,2327,68,63,275,243,1032,1176,0,0,False
14,0,2,0,1098,1,37,522,1182,1,0,269,204,610,741,0,0,False
2,0,1,0,1135,202,37,567,1198,30,30,276,213,618,749,0,0,False
27,3,2,1,820,0,29,480,903,1,0,244,190,488,605,0,0,False
7,0,1,0,2971,15,72,393,3012,18,17,72,58,1295,1443,0,0,False
94,6,3,1,1320,1,45,1071,1397,6,4,367,330,732,872,1,0,True
24,0,1,0,1261,39,40,749,1297,57,54,286,233,678,812,0,0,False
3,0,1,0,836,78,30,466,918,10,10,239,186,492,610,0,0,False
2,0,1,0,3655,11,78,335,3729,2,1,46,38,1376,1525,0,0,False
31,0,2,0,691,1,28,584,801,1,0,263,216,454,570,0,0,False
496,14,2,4,2507,9,57,383,2601,19,13,137,122,1138,1283,0,0,False
2,0,2,0,445,0,22,627,501,20,18,284,218,354,457,0,0,False
34,29,4,3,278,0,20,650,394,1,0,311,244,282,372,1,0,False
32,0,2,0,20,0,9,439,75,11,7,400,302,50,77,0,0,False
31,16,3,1,990,0,34,436,1061,5,1,249,186,554,680,1,0,False
7,0,1,0,2131,348,54,677,2361,60,57,253,223,1045,1189,0,0,False
54,19,2,1,950,0,33,432,1043,1,0,235,176,542,666,0,0,False
52,1,1,1,1483,403,49,1064,1597,59,56,360,322,818,962,0,0,False
25,0,1,0,1107,20,37,523,1184,33,34,266,205,612,743,0,0,False
71,0,1,0,1525,143,49,1053,1703,35,34,354,315,844,988,0,0,False
12,37,2,7,1257,0,39,746,1293,1,0,288,233,677,811,0,1,False
82,0,2,0,229,0,16,597,262,1,0,332,257,210,292,0,0,False
8,0,1,0,1777,47,51,929,1955,16,13,311,275,912,1056,0,0,False
37,1,2,1,2592,0,59,336,2688,2,1,122,112,1178,1323,0,0,False
136,32,2,1,2783,0,60,240,2811,1,0,91,78,1211,1357,0,0,False
205,0,2,0,2107,0,54,697,2350,1,0,259,228,1043,1187,0,0,False
20,8,3,1,147,0,12,499,188,3,2,359,283,142,208,1,0,False
69,5,3,1,20,0,9,437,74,2,1,401,302,49,76,1,0,False
21,0,3,0,1018,2,34,450,1085,6,4,253,196,561,689,0,0,False
6,0,1,0,918,16,33,445,1027,21,20,242,181,534,657,0,0,False
113,8,2,1,3400,0,75,450,3449,1,0,45,39,1347,1496,0,0,False
2,0,2,0,227,0,16,577,247,3,0,331,253,202,282,0,0,False
24,0,2,0,212,0,16,577,244,2,1,346,269,196,273,0,0,False
99,32,6,6,2691,0,60,261,2747,1,0,87,74,1202,1348,0,6,False
112,13,3,2,586,0,26,616,716,1,0,257,199,422,535,0,1,False
4,0,1,0,246,168,19,650,342,76,64,323,256,265,351,0,0,False
6,0,1,0,857,78,30,456,942,12,12,236,180,502,622,0,0,False
59,21,3,3,1007,0,34,458,1074,1,0,254,197,560,687,0,0,False
199,24,2,2,952,0,33,430,1043,2,0,234,176,542,666,0,0,False
6,0,1,0,2754,124,60,248,2808,4,2,91,80,1211,1357,0,0,False
30,0,2,0,2997,0,72,400,3037,1,0,60,51,1303,1451,0,0,False
30,0,1,0,2557,7,59,363,2658,15,10,130,116,1161,1306,0,0,False
461,25,2,1,3001,0,72,419,3043,4,2,57,51,1303,1451,0,0,False
32,0,1,0,1061,19,36,510,1160,28,28,262,207,593,724,0,0,False
7,0,1,0,1234,171,39,730,1285,50,43,290,235,674,808,0,0,False
18,0,1,0,732,0,28,543,842,26,24,265,215,468,585,0,0,False
407,24,2,2,3001,0,72,419,3043,1,0,58,51,1303,1451,0,0,False
271,74,2,26,1341,1,46,1065,1434,3,2,362,325,744,884,0,6,False
15,0,1,0,539,200,25,650,685,73,60,267,203,418,530,0,0,False
8,19,2,2,529,0,25,658,683,2,1,269,207,418,530,0,0,False
24,0,2,0,20,0,9,442,77,10,6,395,298,52,80,0,0,False
15,7,1,1,3850,0,80,203,3874,2,0,32,26,1395,1544,0,0,False
21,0,2,0,2089,0,54,714,2345,1,0,264,234,1041,1185,0,0,False
9,0,2,0,3008,10,73,426,3075,13,12,56,51,1312,1460,0,0,False
104,52,2,5,3983,0,82,368,4008,1,0,18,16,1418,1567,0,0,False
7,0,1,0,223,165,16,578,245,73,59,342,267,199,279,0,0,False
29,9,1,1,810,0,29,490,896,23,19,249,195,487,604,0,0,False
193,16,2,1,1202,0,39,730,1275,2,0,301,242,665,799,0,0,False
4,0,1,0,1185,40,39,711,1264,57,56,303,245,656,788,0,0,False
38,14,4,2,208,0,16,579,244,1,0,346,269,196,273,1,1,False
9,0,1,0,778,158,29,515,881,71,61,254,200,483,600,0,0,False
21,0,1,0,845,0,30,467,928,22,17,239,185,498,617,0,0,False
32,4,2,1,222,0,16,574,245,1,0,341,265,197,276,0,0,False
75,13,4,2,648,3,27,605,770,7,5,259,210,443,557,1,0,False
84,14,2,1,2963,0,72,401,3008,3,1,74,60,1292,1440,0,0,False
52,103,2,6,3906,0,81,274,3947,2,1,30,27,1405,1554,0,0,False
6,0,1,0,68,166,10,435,142,93,74,395,304,97,154,0,0,False
26,0,1,0,2929,0,70,373,2956,1,0,91,72,1266,1414,0,0,False
42,54,4,5,3860,0,80,210,3879,1,0,31,27,1396,1545,0,0,False
32,44,3,3,661,0,27,598,789,1,0,260,211,447,561,0,0,False
4,0,2,0,2,1,9,447,67,6,5,409,311,46,70,0,0,False
13,0,1,0,107,153,11,456,164,77,62,373,288,117,178,0,0,False
6,0,1,0,435,19,22,626,495,19,20,289,226,345,447,0,0,False
18,0,1,0,1150,200,37,572,1202,29,29,279,212,622,753,0,0,False
84,0,1,0,487,191,23,655,559,71,60,272,212,381,487,0,0,False
124,2,2,1,3249,0,74,319,3287,1,0,31,28,1339,1488,0,0,False
12,0,1,0,749,17,29,529,859,18,19,260,210,476,593,0,0,False
67,0,1,0,1673,49,50,985,1913,70,57,328,290,905,1049,0,0,False
116,54,2,5,1468,68,49,1076,1592,39,35,360,337,817,961,0,2,False
46,4,2,1,588,0,26,616,719,1,0,256,199,422,535,0,0,False
52,50,3,9,1230,0,39,732,1280,2,1,292,237,673,807,0,3,True
8,0,2,0,520,0,25,664,665,3,2,272,210,416,528,0,0,False
44,61,2,3,496,0,23,664,598,1,0,276,212,398,506,0,0,False
5,0,1,0,152,22,12,494,192,35,34,356,282,142,208,0,0,False
8,0,1,0,2218,327,54,593,2388,54,50,227,194,1053,1197,0,0,False
44,9,2,1,1651,53,50,1007,1895,73,61,334,296,902,1046,1,0,True
409,20,2,1,1575,0,50,1031,1772,2,1,338,302,878,1022,0,0,False
31,0,2,0,21,0,9,454,77,7,3,399,304,53,87,0,0,False
31,48,3,6,3981,0,82,369,4008,1,0,19,16,1418,1567,0,0,False
32,0,2,0,1857,397,51,852,2003,71,66,305,269,926,1070,0,0,False
37,21,3,2,1769,48,51,937,1944,17,15,315,278,911,1055,0,0,False
17,20,1,1,1051,16,35,472,1136,26,25,249,192,582,712,0,0,False
7,0,2,0,2683,2,59,269,2728,5,4,94,79,1198,1344,0,0,False
1,0,1,0,2705,154,60,256,2759,14,6,85,71,1205,1351,0,0,False
2,0,2,0,479,0,23,645,545,12,10,270,211,380,485,0,0,False
166,12,2,2,1468,0,49,1075,1592,2,1,362,337,817,961,0,0,False
3,0,1,0,2496,67,57,394,2592,17,15,141,126,1132,1277,0,0,False
54,0,2,0,2460,4,55,410,2545,16,15,151,134,1117,1261,0,0,False
69,3,1,1,98,152,11,450,164,85,68,380,303,115,176,1,0,False
15,10,2,1,325,168,20,671,442,68,54,300,230,302,399,1,0,False
6,0,1,0,2659,178,59,291,2722,20,15,104,88,1197,1343,0,0,False
119,23,4,3,2007,26,54,791,2303,45,35,285,257,1024,1168,0,1,False
4,0,1,0,2481,245,56,402,2569,33,31,145,129,1128,1273,0,0,False
6,0,1,0,504,0,23,677,639,32,30,270,209,409,520,0,0,False
46,36,4,5,2002,0,54,790,2285,2,0,288,257,1010,1154,0,0,False
44,26,2,2,2528,0,57,364,2606,1,0,130,107,1138,1283,0,0,False
50,21,2,2,2916,0,70,369,2947,2,1,98,85,1260,1408,0,0,False
73,52,3,2,986,0,34,425,1061,8,5,248,183,554,680,1,0,False
9,0,1,0,239,170,16,626,302,79,64,339,262,231,315,0,0,False
14,0,1,0,469,199,22,634,517,74,62,278,215,368,471,0,0,False
86,3,2,1,1049,141,35,474,1133,61,53,251,195,581,711,0,0,False
7,0,2,0,3821,0,80,226,3873,2,1,34,25,1394,1543,0,0,False
55,10,2,1,3529,0,77,365,3558,1,0,50,36,1356,1505,0,0,False
18,2,2,2,3636,0,78,332,3706,2,0,52,37,1374,1523,0,0,False
10,0,2,0,2309,0,54,528,2441,1,0,189,164,1068,1212,0,0,False
13,47,3,7,2709,152,60,284,2798,8,6,91,84,1210,1356,0,0,False
41,3,3,1,2562,6,59,358,2658,13,9,126,114,1161,1306,1,0,True
205,73,4,8,1247,0,39,745,1290,4,2,291,235,675,809,0,0,False
57,24,4,3,812,0,29,488,897,1,0,248,195,487,604,1,0,False
232,1,2,1,1382,0,46,1100,1511,2,1,368,338,776,919,0,0,False
45,72,5,26,3009,0,73,425,3078,1,0,55,51,1312,1460,0,5,False
76,14,3,2,214,0,16,576,244,5,4,344,267,197,274,0,1,False
65,0,2,0,1815,0,51,893,1962,12,11,304,269,915,1059,0,0,False
71,21,3,2,544,0,25,650,685,1,0,263,203,418,530,0,0,False
5,0,1,0,1373,187,46,1105,1499,42,40,368,335,771,914,0,0,False
3,0,1,0,1337,407,46,1060,1422,61,58,363,327,741,881,0,0,False
2,0,2,0,267,0,19,652,380,8,7,311,244,275,364,0,0,False
64,21,3,4,859,140,30,455,962,60,50,235,181,509,630,0,1,False
5,0,2,0,1715,53,51,973,1932,28,25,327,289,909,1053,0,0,False
28,17,2,1,3000,0,72,411,3042,1,0,59,52,1303,1451,0,0,False
15,0,1,0,1439,427,48,1094,1576,62,61,367,340,804,948,0,0,False
2,0,2,0,449,0,22,624,502,18,17,279,216,360,463,0,0,False
31,0,1,0,645,25,26,604,759,25,26,257,207,441,554,0,0,False
31,0,2,0,1204,176,39,731,1275,54,46,300,240,668,802,0,0,False
12,0,1,0,1195,39,39,723,1275,56,55,303,244,661,793,0,0,False
31,1,2,1,2629,6,59,317,2708,8,6,116,99,1191,1337,0,0,False
2,0,2,0,227,0,16,577,247,2,0,330,253,202,282,0,0,False
35,0,1,0,728,21,28,547,837,22,23,265,217,467,583,0,0,False
85,8,2,2,4055,7,82,471,4111,12,11,13,12,1422,1571,0,0,False
20,0,1,0,1393,425,47,1112,1540,63,59,369,339,782,925,0,0,False
9,0,1,0,410,176,22,647,489,69,59,291,227,342,444,0,0,False
54,82,2,1,2952,0,72,411,3002,1,0,80,63,1291,1439,0,0,False
12,0,1,0,1250,41,39,753,1293,56,56,291,235,677,811,0,0,False
214,35,2,2,2493,1,57,397,2582,12,11,142,129,1131,1276,0,0,False
17,0,2,0,3910,0,81,278,3947,1,0,30,26,1405,1554,0,0,False
844,51,3,4,166,0,15,564,231,1,0,354,271,177,250,1,0,False
39,138,2,1,1212,0,39,724,1275,2,0,297,239,670,804,0,0,False
6,0,2,0,1585,1,50,1024,1788,2,1,329,297,883,1027,0,0,False
14,0,2,0,242,0,16,624,302,1,0,336,261,231,315,0,0,False
20,56,5,9,1359,0,46,1098,1468,1,0,369,338,759,900,0,4,False
68,27,4,3,1099,0,37,524,1182,9,8,268,204,610,741,0,2,False
14,0,1,0,167,27,15,566,235,37,35,355,270,181,255,0,0,False
28,0,1,0,755,164,29,530,866,74,64,255,206,480,597,0,0,False
21,0,1,0,2056,379,54,743,2327,69,64,276,245,1032,1176,0,0,False
47,0,1,0,1658,50,50,1000,1898,71,58,331,293,904,1048,0,0,False
20,24,2,3,1242,0,39,734,1285,1,0,289,235,674,808,0,1,False
22,0,2,0,1049,4,35,474,1133,2,1,250,195,581,711,0,0,False
16,0,1,0,1781,39,51,925,1955,55,46,309,274,912,1056,0,0,False
44,5,2,1,2291,315,54,546,2401,47,45,202,171,1059,1203,0,0,False
7,0,1,0,196,28,16,577,244,37,35,347,268,192,268,0,0,False
3,0,1,0,2102,365,54,702,2349,63,60,261,230,1043,1187,0,0,False
64,0,2,0,162,0,12,494,204,8,4,352,277,146,215,0,0,False
171,1,2,1,2484,1,56,401,2571,13,12,144,130,1128,1273,0,0,False
161,0,1,0,1497,155,49,1055,1633,40,37,351,318,826,970,0,0,False
418,3,2,1,1341,189,46,1067,1434,42,40,360,326,745,886,0,0,True
3,0,1,0,334,39,20,669,446,6,6,297,228,307,405,0,0,False
3,0,1,0,476,0,23,647,531,7,5,277,218,374,478,0,0,False
109,2,2,1,3011,0,73,431,3080,2,1,54,49,1313,1461,0,0,False
17,0,2,0,398,2,22,633,475,4,2,287,219,331,432,0,0,False
9,0,1,0,1503,149,49,1055,1671,38,36,352,320,834,978,0,0,False
33,27,3,1,349,0,21,670,459,1,0,299,229,317,416,1,0,False
9,0,1,0,182,170,16,574,242,68,54,355,271,186,262,0,0,False
41,67,4,4,2999,0,72,401,3037,1,0,60,52,1303,1451,0,1,False
8,0,2,0,2268,0,54,564,2395,11,9,210,179,1056,1200,0,0,False
3,0,2,0,2301,0,54,536,2423,5,1,194,168,1063,1207,0,0,False
38,0,3,0,796,0,29,501,885,1,0,247,198,484,601,0,0,False
47,52,3,2,498,0,23,670,622,6,4,273,212,404,513,0,1,False
72,54,2,2,2505,1,57,385,2601,11,10,138,122,1136,1281,0,0,False
75,30,2,1,2883,0,67,372,2921,3,2,110,99,1249,1395,0,0,False
75,5,3,1,619,0,26,598,735,1,0,254,201,429,542,2,0,False
115,3,1,1,1708,47,51,980,1932,66,53,334,293,909,1053,0,0,False
37,2,5,1,463,0,22,636,516,3,1,278,218,367,470,1,0,False
28,0,2,0,2030,0,54,768,2325,9,8,282,251,1031,1175,0,0,False
67,0,2,0,11,0,9,446,69,15,11,407,307,47,71,0,0,False
27,11,3,2,475,0,22,633,519,3,1,277,215,368,472,1,1,False
48,0,3,0,1019,0,34,461,1088,3,0,251,195,565,693,1,0,False
67,61,3,4,3951,0,82,349,4000,1,0,24,22,1417,1566,0,0,True
176,71,2,1,891,0,31,466,1007,2,1,247,183,522,644,0,0,False
2,0,2,0,41,0,9,449,108,11,9,398,301,71,116,0,0,False
46,9,2,3,2698,159,60,258,2753,15,11,83,73,1203,1349,1,0,True
146,0,2,0,1175,0,39,648,1244,6,4,302,241,643,774,0,0,False
14,0,2,0,3061,3,73,417,3169,3,2,39,36,1314,1463,0,0,False
73,28,2,7,2597,0,59,331,2690,1,0,120,110,1178,1323,0,0,False
202,67,5,7,315,0,20,671,437,1,0,302,230,297,393,1,6,False
9,0,1,0,2976,13,72,388,3020,17,15,71,54,1296,1444,0,0,False
10,21,2,2,308,10,20,675,428,8,7,310,233,295,390,0,0,False
35,1,2,1,1674,56,50,984,1914,32,29,327,290,906,1050,0,0,False
22,36,3,5,2329,0,54,510,2457,3,0,183,159,1075,1219,0,0,False
4,0,2,0,381,4,22,646,475,3,0,293,223,328,428,0,0,False
313,39,3,10,463,0,22,629,515,2,0,278,216,367,470,1,1,False
33,0,2,0,310,10,20,674,431,7,6,307,232,295,391,0,0,False
6,0,1,0,3057,22,73,421,3167,3,2,41,38,1314,1463,0,0,False
9,0,2,0,1046,2,35,465,1126,3,2,252,196,581,711,0,0,False
27,10,2,1,326,0,20,672,443,1,0,298,230,303,400,1,0,False
189,16,1,2,166,0,15,564,231,8,5,355,271,177,250,0,0,False
85,11,2,1,1511,0,49,1059,1688,2,1,355,318,841,985,0,1,False
264,51,2,3,2536,0,57,365,2610,7,4,127,108,1140,1285,0,0,False
153,20,2,1,1336,0,46,1059,1417,1,0,362,327,740,880,0,0,True
58,64,2,3,2105,1,54,699,2349,2,0,260,228,1043,1187,0,1,False
170,71,2,1,2766,20,60,244,2811,3,1,90,77,1211,1357,0,0,False
15,0,1,0,1304,408,44,1058,1363,61,58,368,326,714,852,0,0,False
86,22,3,4,2913,0,69,370,2946,1,0,101,88,1259,1406,0,0,False
59,11,2,1,2088,71,54,715,2345,20,17,265,235,1041,1185,0,2,False
501,300,2,2,2920,0,70,370,2949,2,1,94,83,1262,1410,0,0,False
2,0,2,0,449,0,22,625,502,5,4,279,217,360,463,0,0,False
37,15,2,2,1104,0,37,526,1184,1,0,267,206,612,743,0,0,False
52,0,1,0,2176,22,54,635,2379,41,31,238,209,1049,1193,0,0,False
6,0,2,0,2162,0,54,649,2373,7,5,243,210,1047,1191,0,0,False
5,0,2,0,1272,2,40,776,1298,5,2,288,235,679,813,0,0,False
2,0,2,0,753,0,29,532,863,5,2,261,209,479,596,0,0,False
8,0,2,0,3063,2,73,416,3169,2,1,38,35,1314,1463,0,0,False
130,36,4,11,748,0,29,530,859,1,0,261,211,476,593,0,0,False
115,19,2,4,315,0,20,671,437,3,1,301,230,297,393,0,1,False
63,0,2,0,2284,0,54,551,2395,9,8,206,175,1056,1200,0,0,False
30,0,1,0,262,25,19,654,364,28,28,314,246,269,358,0,0,False
367,0,2,0,3291,0,74,393,3358,2,1,35,29,1342,1491,0,0,False
11,0,1,0,74,28,10,431,145,45,43,392,300,103,161,0,0,False
23,13,2,1,1769,48,51,937,1944,22,15,320,278,911,1055,0,0,False
1,0,2,0,2294,0,54,543,2404,2,1,199,170,1059,1203,0,2,False
133,6,2,2,2251,0,54,579,2394,3,0,216,183,1056,1200,0,0,False
128,8,3,3,2688,0,59,264,2729,1,0,91,77,1198,1344,0,0,True
1,0,1,0,2648,185,59,299,2709,21,16,105,94,1195,1341,0,0,False
49,7,2,2,593,0,26,611,720,1,0,254,198,422,535,0,0,False
2,0,2,0,496,0,23,664,608,9,7,275,211,402,510,0,0,False
82,4,2,1,1480,68,49,1067,1597,38,34,362,323,818,962,0,0,False
1544,13,2,2,2153,0,54,658,2370,1,0,247,218,1046,1190,0,0,False
74,3,2,1,664,0,27,595,791,1,0,258,211,449,564,0,0,False
45,6,3,1,930,143,33,452,1031,58,50,243,182,536,660,1,0,False
5,0,2,0,1104,0,37,526,1184,2,0,268,206,612,743,0,0,False
6,0,2,0,1269,4,40,779,1298,7,3,290,236,679,813,0,0,False
22,0,1,0,2677,0,59,275,2728,3,2,95,81,1198,1344,0,0,False
36,0,1,0,1249,42,39,754,1293,57,57,292,236,677,811,0,0,False
61,85,4,2,1027,0,34,464,1104,1,0,252,197,573,702,1,0,False
13,0,2,0,800,0,29,498,891,1,0,245,196,484,601,0,0,False
40,1,2,1,1585,51,50,1024,1788,75,65,330,298,883,1027,0,0,False
44,0,2,0,656,0,27,601,775,2,1,258,210,443,557,0,0,False
30,0,2,0,2259,18,54,572,2394,35,26,214,182,1056,1200,0,0,False
111,32,3,11,2294,0,54,543,2404,2,0,200,170,1059,1203,0,1,False
7,0,1,0,2368,274,55,475,2475,43,41,172,153,1080,1224,0,0,False
52,9,3,1,437,2,22,624,495,2,0,288,226,345,447,1,0,False
13,35,2,1,4180,2,82,396,4278,4,3,5,4,1434,1583,0,0,False
649,42,2,1,1187,0,39,723,1264,1,0,303,244,656,788,0,0,False
73,0,1,0,2227,20,54,597,2390,38,29,224,190,1053,1197,0,0,False
594,14,5,3,170,0,15,565,235,2,1,354,270,181,255,1,0,False
6,0,1,0,1489,398,49,1063,1617,57,55,356,320,823,967,0,0,False
39,22,2,2,1182,0,39,680,1259,1,0,297,239,653,785,0,1,False
35,1,2,1,1058,0,36,496,1157,1,0,253,199,591,722,0,0,False
2,0,1,0,2288,1,54,549,2399,3,2,203,172,1059,1203,0,0,False
33,64,3,1,474,0,22,630,518,1,0,275,212,368,471,0,0,False
93,0,3,0,1579,127,50,1030,1787,33,32,337,303,882,1026,0,0,False
12,0,1,0,1047,139,35,465,1126,61,52,251,195,581,711,0,0,False
7,0,2,0,3593,0,78,361,3684,9,7,51,42,1374,1523,0,0,False
7,0,2,0,2407,0,55,457,2532,5,3,165,143,1108,1252,0,0,False
168,10,5,2,1007,0,34,458,1074,1,0,255,197,560,687,1,1,False
18,0,1,0,500,0,23,668,622,30,28,272,210,404,513,0,0,False
37,34,2,4,244,0,18,627,315,1,0,333,260,248,332,1,0,False
32,34,6,7,502,0,23,669,625,5,3,271,207,407,517,1,0,False
21,0,1,0,127,24,12,495,170,37,36,373,292,126,189,0,0,False
10,44,4,1,1392,68,47,1113,1534,40,36,371,340,781,924,0,3,False
6,0,2,0,2746,25,60,256,2804,7,5,93,83,1210,1356,0,0,False
54,2,1,1,301,0,20,668,418,25,23,316,241,292,385,1,0,False
31,0,1,0,668,26,27,594,795,27,29,259,212,449,564,0,0,False
90,15,4,5,1895,0,51,816,2011,1,0,296,258,929,1073,0,0,False
18,59,2,2,726,0,28,549,837,3,2,267,218,467,583,0,0,False
3175,0,2,0,308,0,20,675,428,6,2,310,234,295,391,0,0,False
2,0,2,0,503,0,23,673,635,7,5,268,207,409,520,0,0,False
32,1,2,1,2373,0,55,472,2478,1,0,171,152,1080,1224,0,0,False
125,4,2,1,2596,0,59,332,2688,3,2,121,110,1178,1323,0,0,False
26,0,2,0,2187,0,54,624,2385,5,4,236,206,1052,1196,0,0,False
8,0,2,0,316,1,20,674,438,1,0,301,230,300,396,0,0,False
25,1,1,1,1159,155,37,578,1204,57,48,281,215,624,755,0,0,False
12,0,2,0,2880,0,67,365,2918,3,2,105,93,1246,1392,0,0,False
36,0,1,0,1036,0,35,466,1123,13,11,252,197,580,709,0,0,False
22,0,2,0,2572,1,59,352,2669,2,0,124,114,1168,1313,0,0,False
3,0,1,0,1940,29,52,823,2155,49,38,298,265,968,1112,0,0,False
10,0,2,0,2884,0,67,371,2921,2,1,109,97,1249,1395,0,0,False
276,21,3,4,1928,0,51,800,2082,1,0,293,260,945,1089,0,0,False
4,6,1,1,1310,406,44,1056,1364,59,56,366,323,714,852,0,0,False
34,56,2,3,2329,0,54,510,2457,3,1,180,159,1075,1219,0,0,False
14,0,1,0,1956,4,52,814,2180,14,11,297,262,977,1121,0,0,False
40,0,2,0,2462,3,56,413,2547,15,14,150,133,1118,1262,0,0,False
91,18,2,1,1702,47,50,980,1928,65,52,330,292,907,1051,1,0,False
26,10,2,1,55,0,9,440,110,1,0,392,294,76,123,1,0,False
131,2,3,1,77,0,11,441,164,2,0,385,302,113,174,1,0,False
332,1,2,1,2635,6,59,311,2708,7,6,111,98,1191,1337,0,0,False
498,183,3,4,1468,0,49,1075,1592,1,0,361,337,817,961,0,0,False
104,20,2,4,2663,0,59,287,2723,4,2,100,85,1198,1344,0,0,False
131,9,3,1,1215,2,39,738,1275,4,0,295,237,670,804,0,0,False
40,2,2,1,1167,0,38,619,1223,5,2,300,235,635,766,0,0,False
89,39,3,2,2041,0,54,758,2326,3,2,279,249,1031,1175,0,0,False
110,27,2,1,2663,0,59,287,2722,5,3,101,86,1197,1343,0,0,False
3,0,1,0,169,26,15,564,235,36,34,354,269,181,255,0,0,False
3,2,2,1,2329,0,54,510,2457,1,0,181,159,1075,1219,0,0,False
86,12,2,1,55,0,9,437,108,1,0,393,293,73,119,0,0,False
85,20,3,1,442,0,22,625,498,1,0,285,225,352,455,1,0,False
15,0,2,0,2694,5,60,260,2751,5,4,83,72,1202,1348,0,0,False
16,1,1,1,1409,53,48,1099,1563,73,71,365,337,790,933,1,0,True
35,5,2,2,33,0,9,445,94,6,2,395,304,58,102,0,1,False
2,0,2,0,498,0,23,669,619,2,0,274,211,403,511,0,0,False
51,5,2,1,2635,1,59,311,2708,5,3,108,98,1191,1337,0,0,False
9,0,1,0,250,164,19,647,346,74,60,320,250,266,352,0,0,False
30,0,1,0,283,24,20,663,400,26,25,316,243,285,376,0,0,False
66,19,2,3,2856,0,64,327,2890,1,0,104,91,1231,1377,0,0,False
280,63,2,4,881,0,30,460,996,1,0,245,181,515,636,0,0,False
43,29,2,1,393,0,22,636,475,1,0,289,221,331,432,2,0,False
5,1,2,1,2301,0,54,536,2423,4,1,193,168,1063,1207,0,0,False
8,0,1,0,450,187,22,633,503,70,59,277,213,363,466,0,0,False
7,0,1,0,2178,336,54,633,2379,56,53,237,207,1049,1193,0,0,False
180,26,2,4,3939,0,82,319,3971,2,1,30,27,1414,1563,0,0,False
114,10,3,1,1567,0,50,1039,1760,3,1,344,306,867,1011,0,0,False
74,107,2,3,3169,0,74,364,3245,1,0,39,38,1328,1477,0,0,False
40,2,2,1,3876,0,80,236,3894,1,0,27,23,1399,1548,0,0,False
11,0,1,0,1808,38,51,900,1962,55,45,308,272,915,1059,0,0,False
78,53,2,5,2536,0,57,365,2610,5,4,125,108,1140,1285,0,1,False
2,0,2,0,516,0,25,666,661,6,5,271,208,414,525,0,0,False
7,0,1,0,2465,11,56,410,2547,26,18,149,132,1118,1262,0,0,False
19,2,2,1,116,172,12,499,170,81,67,383,298,125,188,1,0,False
3,0,2,0,420,175,22,638,492,69,58,290,227,342,444,0,0,False
18,0,2,0,3055,5,73,423,3167,6,5,43,40,1314,1463,0,0,False
82,56,5,41,2490,0,57,395,2575,3,2,142,129,1129,1274,0,9,False
25,6,2,2,1856,45,51,853,2003,14,12,306,269,926,1070,0,2,False
6,0,2,0,2077,0,54,726,2331,2,1,270,238,1039,1183,0,0,False
5,0,2,0,3737,0,80,281,3828,5,4,41,35,1385,1534,0,0,False
101,89,2,3,1710,46,51,978,1932,64,52,332,292,909,1053,0,0,False
8,0,1,0,2090,3,54,713,2345,9,7,263,234,1041,1185,0,0,False
24,0,2,0,2034,3,54,764,2325,10,8,280,249,1031,1175,0,0,False
93,54,5,3,586,0,26,616,716,1,0,258,199,422,535,1,0,False
50,0,1,0,1099,0,37,524,1182,8,7,267,203,610,741,0,0,False
7,0,2,0,2162,0,54,649,2373,6,5,242,210,1047,1191,0,0,False
58,125,2,1,2928,0,70,364,2954,4,1,93,73,1264,1412,0,0,False
15,0,1,0,1232,173,39,730,1283,51,43,291,236,673,807,0,0,False
14,5,2,1,2631,1,59,315,2708,9,3,114,98,1191,1337,0,0,False
40,3,1,1,399,167,22,635,476,66,54,286,220,331,432,1,0,False
2,0,1,0,229,0,16,591,255,1,0,334,256,208,289,0,0,False
59,2,2,1,1887,53,51,823,2010,26,25,298,260,928,1072,0,0,False
127,195,4,1,1566,0,50,1039,1758,2,0,345,306,867,1011,0,0,False
10,0,1,0,795,149,29,502,885,67,58,248,198,484,601,0,0,False
107,3,2,2,871,0,30,463,986,1,0,239,182,510,631,0,0,False
2,0,2,0,256,1,19,649,351,1,0,317,249,268,355,0,0,False
31,0,2,0,1451,0,49,1090,1587,4,0,367,339,814,958,0,0,False
5,0,2,0,1450,166,49,1089,1587,45,40,368,339,814,958,0,0,False
6,24,2,3,311,9,20,675,433,6,5,304,231,295,391,0,1,False
36,0,2,0,20,0,9,441,77,2,1,397,299,51,79,0,0,False
467,17,2,1,502,0,23,669,625,4,3,270,207,407,517,0,0,False
321,9,2,4,2533,0,57,364,2606,8,4,125,104,1138,1283,0,0,False
5,0,1,0,2930,23,71,372,2960,23,21,90,71,1268,1416,0,0,False
84,6,2,4,2275,0,54,560,2395,1,0,208,176,1056,1200,0,0,False
51,5,3,1,1629,53,50,1027,1871,76,61,338,297,897,1041,0,0,False
49,33,3,2,1688,0,50,975,1918,2,1,327,290,906,1050,0,0,False
2,0,2,0,227,0,16,577,247,4,0,332,253,202,282,0,0,False
11,0,1,0,102,148,11,446,164,84,62,380,291,115,176,0,0,False
73,37,3,2,2993,0,72,389,3033,1,0,62,53,1303,1451,0,0,False
48,76,2,1,1341,0,46,1065,1434,2,0,361,325,744,884,0,0,False
30,1,2,1,2474,0,56,401,2547,1,0,148,132,1118,1262,0,0,False
25,75,3,1,2084,0,54,719,2344,1,0,267,235,1041,1185,0,0,False
48,0,1,0,15,14,9,442,71,13,8,404,307,48,75,0,0,False
9,0,2,0,946,0,33,436,1042,17,14,236,176,541,665,0,0,False
15,124,2,1,1275,0,40,796,1299,2,0,288,237,682,817,0,0,False
76,99,2,5,3542,0,78,381,3609,1,0,48,39,1362,1511,0,0,False
90,1,2,1,1199,0,39,729,1275,3,0,302,242,664,797,0,0,False
6,0,1,0,172,179,15,576,236,72,58,352,269,181,257,0,0,False
82,15,2,6,3888,0,81,234,3916,1,0,26,22,1402,1551,0,0,False
15,12,2,2,3646,0,78,327,3722,8,5,49,37,1374,1523,0,0,False
3,0,1,0,1137,200,37,566,1200,29,29,276,213,619,750,0,0,False
10,0,2,0,2313,0,54,524,2447,6,5,187,163,1071,1215,0,0,False
86,20,2,5,337,0,21,666,447,2,0,293,226,308,406,1,1,False
38,0,2,0,3559,0,78,387,3650,1,0,48,39,1369,1518,0,0,False
13,0,1,0,691,24,28,584,801,25,27,263,215,454,570,0,0,False
12,0,1,0,864,137,30,454,969,58,48,234,178,509,630,0,0,False
37,3,1,1,94,154,11,447,164,88,70,383,304,114,175,1,0,False
178,78,3,2,61,0,9,435,110,1,0,391,295,76,124,1,0,False
898,60,2,6,2165,0,54,646,2373,1,0,241,210,1047,1191,0,0,False
26,1,1,1,818,146,29,482,897,64,56,245,193,487,604,0,0,False
62,0,1,0,1292,46,41,995,1338,66,62,346,301,702,840,0,0,False
129,15,2,3,1168,0,38,620,1227,2,0,299,236,636,767,0,1,False
12,0,1,0,1086,141,37,507,1181,62,51,272,208,605,736,0,0,False
37,0,1,0,2708,153,60,285,2793,9,6,91,83,1210,1356,0,0,False
187,13,3,1,289,0,20,664,404,2,1,317,244,286,378,1,0,False
26,0,2,0,1179,0,39,655,1247,5,3,301,240,645,776,0,0,False
33,0,2,0,1230,1,39,732,1281,2,1,291,236,673,807,0,0,False
205,81,2,1,408,0,22,646,487,1,0,291,227,340,441,1,0,False
151,11,6,5,1223,0,39,732,1276,1,0,290,235,670,804,1,1,False
101,41,2,5,2344,0,54,496,2458,2,1,177,158,1076,1220,0,2,False
137,0,1,0,2006,26,54,792,2302,46,35,286,257,1024,1168,0,0,False
4,0,1,0,140,0,12,485,173,3,2,371,292,132,196,0,0,False
7,0,1,0,312,23,20,674,433,25,24,303,230,295,391,0,0,False
46,50,2,2,1553,55,49,1048,1730,78,67,354,315,859,1003,0,0,False
90,8,2,1,2561,51,59,359,2658,11,9,127,114,1161,1306,0,0,False
181,24,2,2,229,0,16,591,260,1,0,333,256,209,290,0,0,False
2,4,2,1,1561,2,50,1040,1741,2,0,352,306,862,1006,0,0,False
7,0,1,0,1406,419,48,1102,1563,62,58,367,337,790,933,0,0,False
157,18,2,1,1182,0,39,674,1253,1,0,296,238,648,780,0,0,False
10,0,2,0,2135,3,54,676,2363,7,6,252,223,1045,1189,0,0,False
6,0,1,0,1330,410,46,1064,1401,60,57,365,328,734,874,0,0,False
16,1,2,1,356,9,21,669,459,5,4,296,224,318,417,0,0,False
16,1,1,1,463,18,22,636,516,18,19,278,219,367,470,1,0,False
167,14,5,5,1182,0,39,665,1249,1,0,299,238,646,778,0,0,False
26,1,3,1,245,0,19,646,341,2,1,323,256,265,351,1,0,False
10,0,2,0,840,3,30,472,927,6,2,242,185,497,616,0,0,False
41,0,2,0,227,13,16,577,247,4,2,329,253,202,282,1,0,False
9,0,1,0,1463,416,49,1079,1587,61,59,364,337,815,959,0,0,False
12,0,1,0,898,17,32,465,1019,22,21,248,184,526,649,0,0,False
2,0,2,0,449,0,22,625,502,17,16,278,215,361,464,0,0,False
105,40,2,3,3529,0,77,365,3558,3,1,49,36,1356,1505,0,0,False
67,13,2,1,2112,0,54,692,2352,3,2,257,227,1045,1189,0,0,False
136,10,1,1,2388,0,55,467,2490,1,0,167,146,1091,1235,0,0,False
54,0,1,0,571,194,26,631,713,70,59,264,203,422,535,0,0,False
19,76,3,17,2545,0,58,368,2639,6,5,126,111,1154,1299,0,1,True
71,22,2,1,575,0,26,627,714,1,0,261,202,422,535,0,0,False
38,12,2,3,3243,0,74,319,3285,1,0,30,27,1338,1487,0,0,False
60,0,2,0,1606,88,50,1047,1851,36,32,341,310,891,1035,0,0,False
102,234,2,1,1990,26,53,799,2248,48,35,291,257,996,1140,0,1,False
34,0,1,0,754,16,29,531,865,18,19,256,206,480,597,0,0,False
74,23,3,1,262,0,19,654,368,1,0,311,244,270,359,1,0,False
2,0,2,0,477,0,23,646,541,15,14,275,216,377,481,0,0,False
23,0,2,0,2850,0,63,323,2883,4,3,104,91,1227,1373,0,0,False
48,8,5,2,116,0,12,498,170,1,0,384,298,125,188,1,1,False
19,0,2,0,502,0,23,672,625,1,0,269,207,408,518,0,0,False
3,0,1,0,458,18,22,630,506,19,19,278,215,364,467,0,0,False
11,0,1,0,2483,244,56,402,2571,31,30,145,130,1128,1273,0,0,False
1,2,2,1,3266,0,74,340,3295,1,0,26,20,1342,1491,0,0,False
96,3,3,1,1502,150,49,1056,1663,39,37,353,321,833,977,1,0,True
2,0,2,0,227,0,16,577,247,10,0,338,253,202,282,0,0,False
161,29,2,5,2601,0,59,327,2697,2,1,118,105,1185,1330,0,0,False
23,0,1,0,1388,53,46,1097,1523,72,68,369,339,777,920,1,0,False
112,487,4,5,2635,1,59,311,2708,7,3,110,98,1191,1337,0,2,False
9,0,1,0,1183,172,39,688,1259,56,48,299,240,653,785,0,0,False
40,3,2,1,926,133,33,439,1027,58,47,243,180,535,658,1,0,False
6,0,1,0,254,24,19,650,349,31,30,317,249,267,354,0,0,False
98,12,2,5,2552,8,59,368,2656,16,11,131,116,1160,1305,0,0,False
106,0,2,0,2124,0,54,683,2354,1,0,254,224,1045,1189,0,0,False
20,70,3,2,1415,177,48,1102,1564,44,41,365,337,790,934,0,0,False
9,0,1,0,159,160,12,493,201,73,61,353,278,145,214,0,0,False
43,4,3,1,1488,0,49,1059,1606,2,0,357,320,821,965,1,0,True
92,0,2,0,2327,5,54,512,2454,18,17,185,161,1074,1218,0,0,False
312,19,2,1,1292,0,41,993,1336,1,0,345,299,701,839,0,0,False
3,11,1,2,2786,10,60,242,2827,1,0,94,82,1211,1357,0,0,False
41,0,2,0,2229,0,54,595,2391,1,0,223,190,1055,1199,0,0,False
106,31,2,2,1091,0,37,515,1182,1,0,271,210,606,737,0,0,False
1123,1,2,1,2599,0,59,329,2691,1,0,118,105,1181,1326,0,0,False
4,27,2,3,2657,33,59,292,2710,10,7,105,90,1196,1342,0,0,False
97,50,6,13,244,0,19,639,325,2,1,328,257,255,339,1,5,False
272,10,3,3,3420,0,75,434,3458,1,0,44,39,1347,1496,0,1,False
79,25,2,2,1359,50,46,1098,1468,68,65,368,338,759,900,1,0,False
59,5,2,1,596,4,26,615,726,9,7,252,198,424,537,1,0,False
11,0,1,0,1387,419,46,1095,1522,64,60,368,337,777,920,0,0,False
5,0,1,0,2615,203,59,328,2708,23,20,120,109,1190,1336,0,0,False
2,0,2,0,164,0,14,544,227,11,10,356,270,171,243,0,0,False
100,38,3,4,506,0,24,676,643,1,0,269,208,410,521,1,0,False
2,0,1,0,1169,32,38,634,1229,52,50,299,236,636,767,0,0,False
402,67,3,5,2174,0,54,637,2379,2,1,239,210,1049,1193,0,0,False
109,0,2,0,1400,1,47,1105,1548,5,3,367,337,785,928,0,0,False
6,0,1,0,26,30,9,449,77,50,47,399,304,54,90,0,0,False
16,0,2,0,463,0,22,636,516,5,1,281,218,367,470,0,0,False
6,0,1,0,2250,338,54,580,2394,52,48,217,183,1056,1200,0,0,False
1,0,2,0,1435,430,48,1098,1575,63,62,368,341,802,946,0,0,False
4,0,2,0,2304,0,54,533,2430,8,7,191,166,1066,1210,0,0,False
511,0,2,0,1769,48,51,937,1944,16,15,314,278,911,1055,0,0,False
150,14,2,1,3030,0,73,414,3102,1,0,46,43,1314,1462,0,0,False
25,0,2,0,1001,1,34,445,1068,2,1,250,190,559,685,0,0,False
7,24,2,2,3287,0,74,386,3347,1,0,35,29,1342,1491,0,0,False
42,30,2,1,437,0,22,624,496,2,1,287,226,345,447,0,0,False
35,4,1,1,1558,53,49,1043,1738,77,67,353,308,860,1004,0,0,True
19,3,2,1,143,0,12,491,181,3,1,366,289,135,199,0,0,False
56,9,2,1,2991,0,72,378,3029,4,0,65,52,1302,1450,0,0,False
2,0,2,0,478,0,23,645,543,14,12,273,213,379,484,0,0,False
102,41,2,1,1592,0,50,1037,1821,2,0,329,299,889,1033,0,0,False
38,1,2,1,2479,11,56,404,2559,24,18,148,131,1124,1268,1,0,False
39,1,2,1,3850,0,80,203,3874,3,0,33,26,1395,1544,0,0,False
5,0,2,0,2383,7,55,470,2482,9,6,169,147,1085,1229,0,0,False
14,0,2,0,2420,0,55,444,2533,4,2,162,140,1110,1254,0,0,False
16,0,1,0,590,0,26,614,719,29,28,255,199,422,535,0,0,False
5,0,1,0,595,182,26,610,725,67,56,252,196,423,536,0,0,False
5,1,2,2,4050,7,82,475,4105,15,13,16,14,1422,1571,0,0,False
7,0,1,0,174,177,16,581,238,70,57,357,276,182,258,0,0,False
20,0,2,0,3799,0,80,238,3861,3,2,36,31,1392,1541,0,0,False
25,1,3,1,1584,0,50,1025,1788,2,0,332,299,883,1027,1,0,False
3,0,1,0,1496,156,49,1056,1633,41,37,353,318,826,970,0,0,False
4,0,1,0,1258,173,39,745,1293,46,40,286,232,677,811,0,0,False
7,0,1,0,1583,51,50,1026,1788,76,65,333,299,883,1027,0,0,False
34,10,3,1,1238,0,39,728,1285,3,1,290,236,674,808,0,0,False
4,0,1,0,2598,204,59,330,2691,24,21,119,106,1178,1323,0,0,False
69,2,2,1,1257,174,39,746,1293,47,41,287,233,677,811,0,0,False
13,0,1,0,1117,207,37,542,1187,31,31,269,206,614,745,0,0,False
214,6,3,2,1275,0,40,826,1300,2,1,296,248,683,820,0,0,False
3,0,1,0,2525,224,57,367,2604,29,26,133,108,1138,1283,0,0,False
56,4,4,1,2303,0,54,534,2425,1,0,192,167,1064,1208,1,0,True
7,0,1,0,1430,172,48,1098,1568,42,41,366,337,796,940,0,0,False
7,0,1,0,1201,177,39,731,1275,55,47,302,242,665,799,0,0,False
38,1,2,1,1314,0,45,1067,1382,1,0,366,325,721,860,0,0,False
49,11,2,1,3959,0,82,344,4004,1,0,23,21,1418,1567,0,0,False
7,0,1,0,1389,420,46,1101,1525,64,60,369,338,778,921,0,0,False
136,11,2,1,1511,0,49,1059,1688,1,0,356,319,840,984,0,0,False
81,40,3,4,1913,5,51,804,2043,15,12,294,259,935,1079,0,0,False
10,0,1,0,2145,344,54,666,2370,58,55,249,220,1046,1190,0,0,False
5,0,2,0,140,0,12,485,173,2,1,369,291,132,196,0,0,False
2,0,2,0,242,0,16,624,302,10,9,338,262,231,315,0,0,False
7,0,1,0,328,168,20,673,444,67,53,296,227,303,400,0,0,False
36,0,2,0,1608,87,50,1046,1856,35,30,340,308,891,1035,0,0,False
33,12,2,1,1352,63,46,1101,1451,39,35,368,336,751,892,0,1,False
22,0,1,0,320,22,20,672,438,24,23,300,229,300,397,0,0,False
22,3,3,1,173,0,15,580,236,1,0,352,271,181,257,1,0,False
50,23,2,1,2870,0,66,368,2913,1,0,106,93,1240,1386,0,0,False
2,0,2,0,753,0,29,532,865,2,0,258,207,480,597,0,0,False
6,0,1,0,821,85,29,479,912,12,12,243,190,489,606,0,0,False
102,0,2,0,1778,46,51,928,1955,15,13,310,275,912,1056,0,0,False
4,0,1,0,2534,223,57,367,2609,27,25,128,108,1140,1285,0,0,False
12,2,2,1,380,0,21,647,474,1,0,294,224,327,427,0,0,False
14,0,2,0,2668,169,59,282,2728,17,12,98,82,1198,1344,0,1,False
55,0,2,0,2531,1,57,362,2606,9,4,127,105,1138,1283,0,0,False
111,139,4,6,2444,0,55,421,2540,1,0,155,135,1114,1258,0,3,False
17,0,2,0,1026,1,34,462,1092,2,0,255,196,567,696,0,0,False
116,26,3,5,1182,0,39,674,1253,4,2,295,238,649,781,0,1,False
331,32,3,5,1397,0,47,1108,1548,3,1,368,339,785,928,0,2,False
4,0,1,0,3578,0,78,372,3682,1,0,51,43,1374,1523,0,0,False
22,52,3,2,1962,3,52,820,2197,12,10,296,262,980,1124,0,0,False
13,0,1,0,2111,362,54,693,2352,62,59,258,227,1045,1189,0,0,False
13,0,1,0,2390,274,55,469,2505,41,39,167,147,1094,1238,0,0,False
22,0,2,0,233,0,16,604,272,1,0,331,257,220,302,0,0,False
110,0,1,0,988,129,34,438,1061,56,51,250,186,554,680,0,0,False
215,52,3,5,1212,0,39,737,1275,1,0,297,240,670,804,0,0,False
141,12,2,1,1035,0,35,467,1123,1,0,253,198,580,709,0,0,False
51,5,2,2,622,0,26,606,751,2,0,254,203,434,547,0,0,False
9,0,1,0,243,24,18,628,315,32,30,334,260,248,332,0,0,False
8,0,1,0,1875,384,51,835,2007,69,64,300,262,928,1072,0,0,False
44,4,2,1,103,147,11,447,164,83,62,379,291,115,176,1,0,False
283,0,2,0,1772,83,51,934,1955,28,27,312,275,912,1056,0,0,False
35,13,2,1,1769,48,51,937,1944,21,15,319,278,911,1055,0,0,False
67,0,1,0,336,0,21,667,447,24,23,294,228,308,406,0,0,False
3,0,2,0,1954,0,52,814,2162,11,10,298,263,969,1113,0,0,False
43,1,3,1,20,0,9,439,75,1,0,397,301,50,78,0,1,False
28,0,2,0,470,0,22,634,517,1,0,277,215,368,471,0,0,False
74,0,2,0,1257,0,39,746,1293,1,0,289,233,677,811,0,0,False
47,0,2,0,2958,0,72,406,3002,2,1,76,60,1292,1440,0,0,False
4,0,1,0,601,179,26,611,731,66,55,251,197,426,539,0,0,False
3,0,2,0,3647,0,78,326,3722,7,5,48,37,1374,1523,0,0,False
28,0,2,0,1313,47,45,1065,1382,66,62,366,324,721,860,0,0,False
68,1,2,1,1007,0,34,458,1073,1,0,255,196,559,686,0,0,False
2,0,2,0,244,1,19,636,324,3,2,330,257,252,336,0,0,False
11,0,2,0,2905,24,69,376,2944,24,23,103,91,1259,1405,0,0,False
2,0,2,0,498,0,23,669,619,1,0,273,211,403,511,0,0,False
6,1,2,1,97,153,11,451,164,86,68,381,303,115,176,1,0,False
26,0,2,0,1343,0,46,1097,1446,1,0,364,332,748,889,0,0,False
141,11,2,3,2921,0,70,370,2950,6,5,93,81,1262,1410,0,0,False
20,0,1,0,2506,9,57,384,2601,20,13,138,122,1138,1283,0,0,False
86,20,2,1,3055,0,73,422,3167,1,0,44,40,1314,1463,0,0,False
2,0,1,0,1289,190,41,957,1326,45,39,332,286,698,835,0,0,False
71,12,3,1,479,0,23,644,545,1,0,271,211,380,485,1,0,False
150,44,2,3,2274,18,54,558,2395,34,25,207,175,1056,1200,0,0,False
10,0,1,0,2521,228,57,371,2604,30,29,134,113,1138,1283,0,0,False
7,0,3,0,1858,396,51,851,2003,70,66,304,268,926,1070,0,0,False
7,0,1,0,2154,24,54,657,2370,42,33,246,217,1046,1190,0,0,False
2,0,1,0,123,26,12,498,170,39,39,377,295,126,189,0,0,False
151,7,1,1,1913,0,51,804,2039,4,2,295,259,933,1077,0,0,False
57,21,2,2,311,0,20,674,433,1,0,306,232,295,391,0,0,False
13,25,2,1,1299,0,44,1028,1359,1,0,361,317,712,850,0,0,False
39,4,2,2,1482,404,49,1065,1597,60,56,361,322,818,962,0,0,False
1,0,1,0,2418,254,55,446,2533,37,35,163,140,1110,1254,0,0,False
149,56,2,2,1394,0,47,1111,1541,8,7,368,339,782,925,1,1,False
29,14,2,1,2919,0,70,368,2949,1,0,95,82,1261,1409,0,0,False
154,51,2,2,3266,0,74,343,3304,1,0,26,20,1342,1491,0,0,False
15,0,1,0,80,26,11,446,164,41,42,384,301,114,175,0,0,False
19,0,1,0,649,0,27,608,774,29,27,258,210,443,557,0,0,False
97,1,2,1,2168,0,54,643,2373,1,0,240,210,1047,1191,0,0,False
233,0,2,0,2940,0,72,369,2963,5,3,88,68,1270,1418,0,0,False
16,0,1,0,1339,406,46,1059,1433,60,57,362,325,744,884,0,0,False
46,18,3,3,2928,0,70,363,2952,1,0,92,71,1264,1412,0,0,False
63,27,2,5,2947,0,72,395,2993,2,1,84,68,1283,1431,0,0,False
18,0,1,0,709,23,28,566,819,24,26,265,216,460,576,0,0,False
36,16,2,7,3864,0,80,221,3889,1,0,30,27,1397,1546,0,1,False
50,118,3,4,3512,0,76,378,3541,1,0,49,35,1355,1504,0,0,False
15,0,4,0,1814,36,51,894,1962,53,43,306,270,915,1059,0,1,False
98,0,3,0,1821,78,51,887,1977,27,26,304,269,917,1061,0,0,False
23,0,1,0,128,24,12,494,170,36,36,372,292,127,190,1,0,False
12,0,1,0,2391,273,55,468,2505,40,38,166,146,1094,1238,0,0,False
3,0,2,0,1562,1,50,1039,1741,1,0,351,306,862,1006,0,0,False
21,0,3,0,14,0,9,443,69,14,11,406,307,47,71,0,1,False
53,19,3,1,1341,0,46,1065,1434,1,0,360,325,744,884,1,1,True
33,0,1,0,1154,27,37,576,1202,45,45,282,216,622,753,0,0,False
72,0,1,0,524,22,25,660,667,22,23,270,209,416,528,0,0,False
87,17,2,1,2238,0,54,586,2391,1,0,220,188,1055,1199,0,0,False
40,0,2,0,1181,0,39,657,1247,4,2,300,239,645,776,0,0,False
85,16,5,5,311,0,20,674,433,2,0,305,231,295,391,1,0,False
5,0,1,0,1111,211,37,535,1184,32,32,266,206,613,744,0,0,False
121,20,2,2,3229,0,74,329,3281,1,0,30,27,1337,1486,0,0,False
29,0,1,0,1655,51,50,1003,1895,72,59,333,294,903,1047,0,0,False
36,13,2,1,1769,48,51,937,1944,19,15,317,278,911,1055,0,0,False
2,0,1,0,39,179,9,450,106,95,77,399,301,70,115,0,0,False
121,17,2,2,244,0,19,637,324,1,0,328,256,252,336,0,0,False
10,0,2,0,2297,0,54,540,2415,2,1,198,170,1061,1205,0,0,False
143,19,2,2,2528,0,57,364,2606,4,2,132,107,1138,1283,0,0,False
8,0,2,0,1726,92,51,971,1935,29,28,329,287,910,1054,0,0,False
7,0,1,0,1222,175,39,733,1276,52,44,291,235,670,804,0,0,False
6,24,1,1,3890,8,81,244,3923,1,0,26,23,1403,1552,0,0,False
8,48,2,1,4160,6,82,408,4258,9,5,10,6,1433,1582,0,0,False
97,0,2,0,1588,124,50,1040,1817,31,30,328,298,889,1033,0,0,False
26,0,2,0,463,0,22,636,516,4,1,279,218,367,470,0,0,False
36,6,1,1,1379,52,46,1099,1500,69,67,365,334,771,914,1,0,False
10,0,1,0,105,17,11,448,164,8,4,373,290,115,176,0,0,False
283,46,3,8,2692,0,60,262,2751,1,0,85,73,1202,1348,0,0,False
27,32,2,2,3181,0,74,359,3255,1,0,38,37,1334,1483,0,0,False
23,0,1,0,1934,30,51,803,2101,50,39,294,261,951,1095,0,0,False
48,16,2,3,2399,15,55,460,2531,30,22,165,147,1107,1251,1,0,False
156,5,2,1,2505,0,57,385,2601,2,1,139,122,1136,1281,0,0,False
5,0,1,0,248,166,19,649,346,75,62,321,252,266,352,0,0,False
1,0,1,0,2510,61,57,381,2602,15,13,136,121,1138,1283,0,0,False
67,1,2,1,1275,0,40,841,1300,1,0,299,251,684,821,0,0,False
32,31,4,5,247,0,19,649,345,1,0,322,253,266,352,0,0,False
35,37,2,2,3650,0,78,336,3726,1,0,47,40,1376,1525,0,0,False
9,0,2,0,155,1,12,492,192,5,4,355,281,142,209,0,0,False
197,0,1,0,961,131,34,429,1054,54,47,238,179,548,672,0,0,False
122,40,3,1,495,0,23,664,593,1,0,279,220,394,501,1,0,False
14,0,2,0,2906,5,69,375,2944,1,0,102,89,1259,1405,0,0,False
16,0,1,0,1701,47,50,976,1928,66,52,330,291,907,1051,0,0,False
2,0,2,0,416,0,22,642,492,6,5,291,228,342,444,0,0,False
49,1,3,1,289,0,20,663,404,2,0,318,244,286,378,1,0,False
28,0,1,0,801,0,29,498,895,24,22,247,198,487,604,0,0,False
89,18,2,1,2991,0,72,378,3029,5,0,66,52,1302,1450,0,0,False
8,0,2,0,3079,1,73,413,3172,1,0,36,33,1316,1465,0,0,False
10,0,1,0,1378,425,46,1100,1500,63,60,366,334,771,914,0,0,False
113,11,3,1,1593,0,50,1046,1838,1,0,338,308,891,1035,0,0,False
110,16,2,1,164,0,12,496,208,1,0,352,275,147,216,0,0,False
14,0,1,0,1243,169,39,734,1285,49,42,288,234,674,808,0,0,False
6,0,1,0,1358,426,46,1096,1465,64,60,368,336,756,897,0,0,False
88,37,4,4,859,0,30,455,957,1,0,235,181,506,627,1,1,False
80,28,1,1,541,199,25,648,685,72,60,266,203,418,530,0,0,False
8,1,1,1,2956,31,72,408,3002,4,3,78,62,1292,1440,0,0,False
108,79,6,6,408,0,22,646,487,1,0,292,227,340,441,1,2,False
52,34,6,8,214,0,16,576,244,6,5,345,268,197,274,0,1,False
10,0,1,0,36,179,9,451,106,94,78,398,301,70,115,0,0,False
2,0,2,0,227,0,16,577,247,5,0,333,253,202,282,0,0,False
1,0,1,0,1167,162,38,621,1227,57,49,300,236,636,767,0,0,False
2,0,2,0,2546,1,58,367,2646,1,0,126,111,1156,1301,0,0,False
100,55,3,4,235,0,16,607,278,1,0,332,258,223,305,1,4,False
6,0,1,0,824,83,29,476,912,11,11,242,189,489,606,0,0,False
46,0,2,0,97,153,11,451,164,87,68,382,303,115,176,1,1,False
51,0,2,0,1407,180,48,1101,1563,45,40,366,337,790,933,0,0,False
5,0,1,0,761,163,29,531,871,73,64,255,203,482,599,0,0,False
4,0,1,0,1064,151,37,511,1166,63,54,264,210,595,726,0,0,False
8,0,1,0,338,166,21,669,448,66,52,291,225,308,406,0,0,False
14,0,1,0,767,160,29,526,871,72,62,255,202,482,599,0,0,False
69,0,2,0,842,2,30,470,927,5,2,241,185,497,616,0,0,False
4,0,1,0,2899,29,68,378,2942,27,26,107,94,1258,1404,0,0,False
28,0,1,0,2217,10,54,594,2388,21,20,228,194,1053,1197,0,0,False
116,45,3,9,3968,0,82,362,4007,1,0,21,19,1418,1567,0,1,False
41,0,2,0,1659,9,50,999,1909,17,14,330,293,904,1048,0,0,False
56,15,2,3,1027,2,34,464,1099,5,3,253,197,571,700,0,0,False
10,0,1,0,529,203,25,658,683,74,62,270,207,418,530,0,0,False
8,0,1,0,2395,271,55,464,2521,39,37,166,147,1100,1244,0,0,False
228,12,3,1,188,0,16,571,244,1,0,347,269,191,267,1,1,False
75,1,2,1,3563,0,78,383,3650,1,0,46,38,1371,1520,0,0,False
1,0,1,0,2916,0,70,369,2947,1,0,97,84,1260,1408,0,0,False
12,6,2,2,1364,1,46,1111,1491,2,0,372,341,766,909,0,0,False
61,0,1,0,1297,46,44,1017,1346,66,62,362,315,710,848,0,0,False
82,13,2,1,2991,0,72,378,3029,3,0,64,52,1302,1450,0,0,False
36,0,2,0,4218,0,82,366,4316,1,0,2,1,1434,1583,0,0,False
81,6,2,1,77,0,11,447,164,2,1,385,303,114,175,0,0,False
11,0,1,0,170,181,15,576,236,73,59,355,270,181,256,0,0,False
27,18,2,1,1677,49,50,981,1916,69,55,326,288,906,1050,0,0,False
57,25,3,3,143,0,12,493,185,1,0,364,287,139,203,1,0,False
24,0,2,0,3210,5,74,332,3269,6,3,36,30,1337,1486,0,0,False
302,66,3,6,2440,4,55,425,2535,17,16,158,136,1111,1255,0,1,False
69,0,2,0,414,0,22,643,492,1,0,291,227,342,444,0,0,False
3,0,2,0,3781,0,80,244,3854,4,3,38,33,1390,1539,0,0,False
110,12,2,3,2226,0,54,598,2389,1,0,225,190,1053,1197,0,0,False
34,34,2,1,2408,264,55,456,2533,38,36,164,142,1110,1254,0,1,False
17,25,3,3,1581,0,50,1028,1788,3,1,335,301,883,1027,0,0,False
12,0,2,0,270,0,20,653,388,5,2,310,243,279,368,0,0,False
13,0,2,0,2299,0,54,538,2423,1,0,196,169,1063,1207,0,0,False
36,0,2,0,137,0,12,485,173,1,0,369,291,131,195,0,0,False
29,70,3,4,3647,0,78,326,3722,1,0,46,37,1374,1523,0,0,False
3,0,1,0,1218,178,39,737,1276,53,45,292,237,670,804,0,0,False
57,16,1,2,2533,8,57,364,2606,18,11,126,104,1138,1283,0,0,False
2,0,2,0,227,0,16,577,247,7,0,335,253,202,282,0,0,False
2,0,2,0,140,0,12,485,173,1,0,368,290,132,196,0,0,False
2,0,2,0,449,0,22,631,503,4,3,277,214,362,465,0,0,False
81,102,2,1,1083,0,37,509,1178,2,0,273,213,603,734,0,0,False
79,0,1,0,1205,39,39,731,1275,56,55,298,240,669,803,0,0,False
2,0,1,0,1265,171,40,770,1298,44,38,289,236,679,813,0,0,False
32,1,2,1,1142,153,37,562,1202,57,48,275,206,622,753,0,0,False
10,0,2,0,2960,0,72,404,3002,1,0,75,60,1292,1440,0,0,False
13,2,2,1,4145,6,82,421,4249,10,8,11,9,1433,1582,0,0,False
54,41,2,4,4001,0,82,402,4023,1,0,17,16,1418,1567,0,0,False
10,5,2,1,218,0,16,577,244,1,0,343,267,197,276,0,1,False
2,0,1,0,389,163,22,638,475,65,51,290,220,329,429,0,0,False
89,13,2,1,2528,0,57,364,2606,3,2,131,107,1138,1283,0,0,False
9,0,1,0,1028,139,35,467,1108,60,54,253,197,576,705,0,0,False
23,0,1,0,184,30,16,572,242,39,37,353,270,186,262,0,0,False
19,43,2,1,3891,0,81,257,3928,2,1,26,23,1403,1552,0,0,False
122,17,2,1,2688,6,59,264,2729,7,6,90,77,1198,1344,0,0,False
15,0,1,0,1441,425,48,1092,1576,61,60,366,339,804,948,0,0,False
150,17,2,2,1202,0,39,733,1275,2,0,301,241,668,802,0,0,False
47,1,2,1,290,163,20,664,404,72,58,316,243,286,378,1,0,False
13,0,1,0,307,168,20,675,427,69,54,312,234,294,387,0,0,False
31,13,3,5,164,22,13,498,212,32,29,352,271,149,218,1,0,False
12,21,2,4,2885,0,67,370,2922,2,0,108,96,1250,1396,0,0,False
10,0,1,0,234,166,16,604,274,77,64,331,256,221,303,0,0,False
2,0,2,0,227,0,16,577,247,6,0,334,253,202,282,0,0,False
11,0,1,0,2142,347,54,669,2370,59,56,251,221,1046,1190,0,0,False
178,17,2,2,2663,6,59,287,2726,9,8,99,84,1198,1344,0,0,False
13,0,2,0,108,0,11,457,164,2,1,373,287,118,179,0,0,False
74,7,2,2,2864,33,64,356,2897,30,29,107,96,1232,1378,0,0,False
231,30,2,5,622,0,26,608,753,1,0,252,203,434,547,0,0,False
17,0,2,0,1060,1,36,494,1157,2,0,252,197,591,722,0,0,False
8,0,2,0,2213,0,54,598,2388,2,0,229,195,1053,1197,0,0,False
62,24,3,1,2639,0,59,307,2708,1,0,107,98,1191,1337,0,2,False
7,0,2,0,1057,200,35,478,1147,32,31,250,194,587,718,0,0,False
134,31,2,2,1996,0,54,796,2275,1,0,289,257,1007,1151,0,0,False
5,0,1,0,2551,53,59,367,2654,12,10,130,115,1160,1305,0,0,False
9,0,2,0,3025,8,73,418,3093,10,7,50,43,1314,1462,0,0,False
13,0,2,0,3646,0,78,327,3722,1,0,50,37,1374,1523,0,0,False
170,299,2,11,3252,0,74,326,3290,1,0,27,25,1339,1488,0,0,False
26,23,3,2,245,0,19,641,337,1,0,324,255,264,350,1,0,False
65,5,2,1,3725,0,80,283,3810,1,0,43,37,1383,1532,0,0,False
55,50,2,3,2513,60,57,378,2602,14,12,135,118,1138,1283,0,0,False
10,0,1,0,493,187,23,659,572,70,60,277,217,384,490,0,0,False
469,103,2,5,2901,0,68,376,2942,7,6,105,93,1258,1404,0,0,False
6,0,1,0,266,157,19,653,380,68,57,312,244,274,363,0,0,False
1064,88,2,2,1276,0,41,910,1314,2,1,317,272,691,828,0,0,False
110,14,2,2,2299,69,54,538,2423,19,16,197,169,1063,1207,0,0,False
10,0,2,0,2735,0,60,267,2804,1,0,94,84,1210,1356,0,1,False
2,0,1,0,1321,417,45,1070,1398,62,59,366,329,733,873,0,0,False
10,0,2,0,753,0,29,532,865,3,2,259,209,480,597,0,0,False
13,0,1,0,2955,19,72,408,3002,20,19,79,62,1292,1440,0,0,False
42,3,2,1,386,0,22,641,475,6,3,292,222,328,428,1,0,False
9,2,2,1,3650,0,78,336,3726,2,0,48,40,1376,1525,0,0,False
20,22,2,2,1485,0,49,1062,1606,2,0,359,320,821,965,0,0,False
6,0,1,0,2123,352,54,681,2354,61,58,255,224,1045,1189,0,0,False
32,0,2,0,1724,52,51,968,1935,26,20,326,286,910,1054,0,0,False
82,9,2,1,926,0,33,439,1027,1,0,241,179,535,658,0,0,False
6,0,2,0,245,1,19,651,342,2,1,324,257,265,351,0,0,False
72,23,2,3,3540,0,78,379,3598,1,0,49,39,1361,1510,0,0,False
43,27,2,1,1641,70,50,1017,1888,34,30,335,296,901,1045,0,0,False
99,15,2,1,3383,0,75,437,3447,1,0,40,34,1347,1496,0,0,False
51,13,3,5,3002,0,72,418,3048,2,1,57,52,1303,1451,0,1,False
5,0,1,0,1757,42,51,949,1936,58,49,323,281,910,1054,0,0,False
11,0,1,0,2552,224,59,368,2658,26,25,131,117,1161,1306,0,0,False
10,0,2,0,2889,0,67,370,2928,1,0,107,95,1251,1397,0,0,False
5,8,3,3,1570,132,50,1036,1761,35,32,342,304,867,1011,0,0,False
10,0,1,0,2982,11,72,382,3023,14,13,68,52,1298,1446,0,0,False
24,0,2,0,503,0,23,671,626,2,0,268,206,408,518,0,0,False
67,0,2,0,2942,1,72,381,2975,1,0,87,68,1272,1420,0,1,False
211,11,4,2,166,0,15,554,229,9,6,353,268,176,249,1,0,False
10,0,2,0,284,0,20,663,401,1,0,317,243,285,377,0,0,False
26,0,2,0,1565,82,50,1039,1754,39,34,348,306,865,1009,0,0,False
40,8,3,1,1566,0,50,1038,1758,3,0,347,306,867,1011,0,0,False
30,0,2,0,1977,44,53,810,2240,24,23,295,259,995,1139,0,0,False
72,7,2,1,215,0,16,576,244,3,2,343,267,197,275,0,0,False
8,0,2,0,165,1,15,546,229,1,0,356,269,172,245,0,0,False
8,0,1,0,2932,21,72,370,2961,22,20,89,70,1269,1417,0,0,False
26,0,2,0,183,31,16,573,242,40,38,354,271,186,262,0,0,False
18,1,3,1,143,0,12,491,181,2,0,365,288,135,199,0,0,False
5,0,1,0,1095,146,37,525,1182,60,51,271,206,610,741,0,0,False
175,90,3,19,2287,0,54,548,2398,1,0,204,174,1058,1202,0,3,False
71,17,4,2,1656,0,50,1002,1896,3,2,332,294,903,1047,0,0,True
24,23,2,2,3677,0,79,318,3752,1,0,44,37,1379,1528,0,0,False
48,0,1,0,723,21,28,552,831,23,23,268,218,466,582,0,0,False
7,0,1,0,2870,31,66,360,2913,29,28,107,93,1240,1386,0,0,False
98,21,2,1,1014,0,34,454,1084,4,0,255,197,561,689,0,0,False
18,0,2,0,3813,0,80,233,3872,2,1,35,26,1394,1543,0,0,False
6,0,2,0,502,0,23,669,625,1,0,269,206,407,517,0,0,False
15,0,1,0,734,20,29,542,850,21,22,263,213,472,589,0,0,False
3,1,2,1,2859,0,64,339,2890,1,0,104,91,1231,1377,0,0,False
6,0,1,0,194,29,16,577,244,38,36,348,270,192,268,0,0,False
15,0,2,0,2692,6,60,262,2751,6,5,84,73,1202,1348,0,0,False
28,0,2,0,1456,73,49,1086,1587,41,35,367,338,814,958,0,0,False
39,0,3,0,3214,3,74,328,3274,2,1,32,28,1337,1486,0,0,False
4,0,2,0,171,0,15,576,236,11,10,354,270,181,257,0,0,False
59,18,2,1,244,0,19,635,323,1,0,331,258,252,336,0,0,False
9,1,2,1,798,0,29,500,885,2,0,247,197,484,601,0,0,False
160,22,2,2,596,0,26,609,725,3,1,252,197,423,536,0,1,False
151,0,1,0,262,25,19,654,364,27,27,313,245,269,358,0,0,False
5,54,2,4,2752,24,60,250,2804,6,3,92,80,1210,1356,0,0,False
123,20,4,2,2996,0,72,398,3037,1,0,61,53,1303,1451,0,0,False
22,0,2,0,1216,1,39,739,1276,2,0,294,238,670,804,0,0,False
4,0,1,0,2081,369,54,722,2334,65,61,268,237,1039,1183,0,0,False
41,0,1,0,251,163,19,646,347,72,60,318,250,266,352,1,0,False
59,2,1,1,927,0,33,452,1029,19,15,243,182,536,660,0,0,False
16,0,1,0,130,169,12,492,171,76,64,371,291,128,191,0,0,False
9,0,2,0,3026,7,73,417,3093,8,7,48,43,1314,1462,0,0,False
170,0,1,0,201,168,16,573,244,70,56,343,265,193,270,0,0,False
2,0,2,0,227,0,16,577,247,8,0,336,253,202,282,0,0,False
120,215,3,1,403,0,22,640,479,1,0,289,222,339,440,1,0,False
186,0,1,0,1100,144,37,525,1182,58,50,266,203,610,741,0,0,False
4,0,1,0,211,26,16,578,244,35,33,346,269,196,273,0,0,False
58,0,2,0,1465,71,49,1077,1592,40,35,363,337,816,960,0,0,False
6,0,1,0,2528,222,57,365,2606,28,25,128,107,1138,1283,0,0,False
14,0,2,0,3208,6,74,334,3268,7,4,37,31,1337,1486,0,0,False
173,21,4,23,327,0,20,674,444,1,0,297,229,303,400,1,0,False
70,39,4,4,1275,0,40,807,1299,3,0,293,243,682,819,0,0,False
126,0,2,0,1057,140,35,472,1142,60,51,250,194,584,714,1,0,False
11,0,1,0,35,16,9,444,103,12,7,398,305,63,107,0,0,False
22,0,2,0,227,0,16,574,245,6,3,338,265,200,280,0,0,False
61,0,2,0,1574,83,50,1032,1762,38,34,340,302,867,1011,0,0,False
64,137,3,2,3292,0,74,397,3363,1,0,33,29,1342,1491,0,0,False
923,159,2,3,2346,0,55,494,2473,1,0,176,157,1079,1223,0,0,False
8,0,2,0,2773,15,60,246,2811,2,0,91,78,1211,1357,0,0,False
8,0,1,0,944,134,33,438,1040,55,47,238,176,541,665,0,0,False
65,0,1,0,1244,42,39,737,1285,56,58,288,235,674,808,0,0,False
19,0,1,0,820,146,29,480,904,63,54,243,190,488,605,0,0,False
11,0,1,0,303,169,20,676,426,71,56,314,238,294,387,0,0,False
42,0,2,0,1605,89,50,1048,1851,37,32,342,310,891,1035,0,0,False
17,2,3,1,2071,0,54,731,2329,1,0,273,242,1036,1180,0,1,False
13,0,2,0,1929,0,51,799,2082,1,0,292,259,945,1089,0,0,False
27,38,2,2,3065,0,73,418,3169,1,0,37,34,1314,1463,0,0,False
56,0,1,0,2208,21,54,603,2388,39,30,231,198,1052,1196,0,0,False
27,8,2,2,3873,0,80,234,3893,1,0,28,24,1399,1548,0,0,False
14,0,1,0,277,153,20,650,392,69,55,312,243,281,370,0,0,False
8,0,1,0,1886,32,51,824,2010,50,40,299,260,928,1072,0,0,False
43,6,1,1,1769,48,51,937,1944,23,15,321,278,911,1055,0,0,False
44,0,2,0,3026,7,73,417,3093,9,7,49,43,1314,1462,0,0,False
6,0,1,0,261,162,19,651,364,70,59,316,247,269,356,0,0,False
9,20,3,2,55,1,9,440,110,13,6,391,294,76,123,0,0,False
6,0,1,0,32,175,9,446,94,95,79,396,304,58,102,0,0,False
17,0,1,0,2312,17,54,525,2442,33,24,188,163,1069,1213,0,0,False
126,2,1,1,475,196,22,633,519,72,60,274,215,368,472,1,0,False
30,1,2,1,2144,0,54,667,2370,1,0,250,221,1046,1190,0,0,False
4,0,1,0,1323,415,45,1068,1398,61,58,365,328,733,873,0,0,False
59,0,1,0,1993,26,53,796,2264,47,35,290,257,1001,1145,0,0,False
4,1,2,1,2854,0,63,329,2885,2,1,105,92,1230,1376,0,0,False
197,50,2,3,4164,2,82,404,4258,7,5,8,6,1433,1582,0,0,False
60,1,2,1,2609,6,59,333,2706,9,8,120,109,1189,1335,0,0,False
26,0,2,0,3849,0,80,203,3873,1,0,35,26,1395,1544,0,0,False
82,0,2,0,237,0,16,628,301,2,1,340,265,230,313,0,0,False
67,0,2,0,1739,0,51,959,1935,15,13,327,282,910,1054,0,0,False
15,0,1,0,1763,41,51,943,1938,57,48,322,280,910,1054,0,0,False
82,22,2,1,1728,52,51,970,1935,25,18,328,287,910,1054,0,0,False
8,0,2,0,2268,0,54,564,2395,10,9,209,179,1056,1200,0,0,False
160,65,2,8,2558,0,59,362,2658,2,1,129,115,1161,1306,0,3,False
18,0,1,0,745,0,29,531,859,25,23,260,209,475,592,0,0,False
3,0,1,0,70,164,10,433,144,90,73,393,303,100,157,0,0,False
13,0,1,0,1870,389,51,839,2003,69,65,301,264,926,1070,0,0,False
335,110,3,17,3251,0,74,323,3290,2,1,29,27,1339,1488,0,0,False
74,6,2,1,222,0,16,574,245,1,0,342,265,197,276,0,0,False
105,0,2,0,1279,44,41,924,1314,61,58,319,274,691,828,0,0,False
53,0,2,0,2384,6,55,469,2482,8,6,168,147,1085,1229,0,0,False
7,24,4,3,2132,3,54,676,2362,8,7,253,224,1045,1189,0,0,False
6,0,1,0,867,135,30,459,978,57,47,238,180,509,630,0,0,False
33,3,2,1,3977,0,82,370,4008,1,0,20,18,1418,1567,0,0,False
43,0,2,0,501,0,23,669,622,3,1,273,208,406,515,0,0,False
55,0,3,0,1615,80,50,1039,1859,34,30,339,307,894,1038,0,0,False
32,0,2,0,3731,1,80,279,3812,1,0,42,36,1383,1532,0,0,False
6,0,2,0,1147,0,37,573,1202,2,0,282,212,622,753,0,0,False
5,0,2,0,2213,0,54,598,2388,4,3,230,195,1053,1197,0,0,False
2,0,2,0,495,0,23,665,596,10,9,278,219,397,505,0,0,False
22,15,2,1,502,0,23,670,625,1,0,269,207,407,517,1,0,False
2,0,2,0,227,0,16,577,247,9,0,337,253,202,282,0,0,False
58,1,2,1,1172,0,39,645,1231,1,0,302,241,638,769,0,0,False
137,86,2,3,2758,22,60,246,2811,5,3,90,80,1211,1357,0,0,False
37,1,3,1,55,0,9,440,110,1,0,393,294,76,123,1,0,False
145,8,1,1,2071,374,54,731,2329,66,62,272,242,1036,1180,0,0,False
127,0,2,0,1543,139,49,1058,1726,37,34,356,317,857,1001,0,0,False
4,0,1,0,30,177,9,447,89,96,80,395,304,57,100,0,0,False
728,25,5,4,77,0,10,435,155,3,0,390,300,108,168,1,2,False
7,0,2,0,849,5,30,464,938,8,6,238,183,501,621,0,0,False
8,0,2,0,1274,1,40,774,1298,4,1,287,234,679,813,0,0,False
36,49,2,3,2331,0,54,508,2457,2,1,179,159,1075,1219,0,0,False
6,0,1,0,1309,407,44,1057,1364,60,57,367,324,714,852,0,0,False
252,186,2,2,3529,0,77,365,3559,2,1,48,36,1356,1505,0,0,False
6,0,1,0,1569,403,50,1037,1761,58,57,343,304,867,1011,0,0,False
72,1,2,1,2897,31,68,380,2942,28,27,108,95,1258,1404,0,0,False
46,17,2,5,343,0,21,671,457,2,0,295,226,315,414,1,0,False
21,1,1,1,2662,175,59,288,2722,18,13,102,86,1197,1343,0,0,False
71,0,1,0,427,19,22,631,495,20,20,289,227,343,445,0,0,False
30,0,2,0,3860,0,80,209,3879,3,2,32,27,1396,1545,0,0,False
24,7,2,2,2956,0,72,408,3002,1,0,77,62,1292,1440,0,0,False
10,0,1,0,2443,247,55,422,2540,35,34,156,135,1114,1258,0,0,False
21,37,2,1,1147,0,37,573,1202,1,0,281,212,622,753,0,0,False
11,22,2,2,2442,0,55,423,2539,2,0,157,136,1114,1258,0,0,False
94,14,3,6,997,0,34,449,1067,1,0,252,191,558,684,0,0,False
48,15,2,4,229,0,16,597,262,1,0,333,257,210,292,0,0,False
10,0,1,0,440,173,22,623,498,68,57,284,224,350,452,0,0,False
29,20,2,3,457,0,22,627,503,1,0,275,212,363,466,0,2,False
10,0,1,0,86,158,11,450,164,85,67,381,301,114,175,0,0,False
13,0,2,0,3967,0,82,363,4007,2,0,22,19,1418,1567,0,0,False
16,1,2,1,2919,43,70,368,2949,1,0,95,83,1261,1409,0,0,False
7,0,1,0,1260,171,40,749,1297,45,39,287,233,678,812,0,0,False
23,1,1,1,606,175,26,606,731,64,54,250,196,426,539,1,0,False
2765,9,6,3,185,0,16,571,242,1,0,352,270,186,262,1,1,False
19,0,1,0,381,19,22,646,475,20,20,294,223,328,428,0,0,False
40,0,2,0,1462,0,49,1080,1587,3,0,365,337,815,959,0,0,False
112,0,1,0,2189,13,54,622,2385,22,21,235,205,1052,1196,0,0,False
46,3,2,1,2385,5,55,468,2482,7,6,167,147,1085,1229,0,1,False
43,0,2,0,2042,0,54,757,2327,2,1,278,248,1031,1175,0,0,False
33,1,1,1,242,167,16,624,302,78,64,337,262,231,315,0,0,False
100,0,1,0,2239,8,54,587,2391,20,19,219,187,1055,1199,0,0,False
36,23,2,3,4218,0,82,366,4316,2,0,3,1,1434,1583,0,0,False
53,11,3,3,3642,0,78,327,3711,1,0,51,37,1374,1523,0,1,False
61,14,2,1,1042,0,35,469,1123,12,10,252,196,580,709,0,0,False
9,0,1,0,537,200,25,650,684,73,61,267,204,418,530,0,0,False
9,0,1,0,263,160,19,655,376,69,58,312,244,272,361,0,0,False
45,1,2,1,496,0,23,664,598,1,0,277,212,398,506,1,0,False
46,0,2,0,1678,49,50,980,1916,68,55,325,288,906,1050,0,1,False
40,0,1,0,2480,10,56,403,2561,22,17,146,129,1124,1268,0,0,False
19,0,1,0,2051,25,54,748,2327,44,34,277,247,1031,1175,0,0,False
13,0,2,0,1341,1,46,1082,1445,1,0,361,329,748,889,0,0,False
5,0,1,0,2273,322,54,559,2395,49,46,208,175,1056,1200,0,0,False
6,0,2,0,1087,140,37,508,1181,61,51,271,207,605,736,0,0,False
40,0,1,0,262,25,19,654,364,29,29,315,247,269,358,0,0,False
5,0,1,0,830,143,30,472,916,61,52,240,187,491,608,0,0,False
13,0,2,0,1811,36,51,897,1962,54,44,307,271,915,1059,0,0,False
3,0,1,0,2032,34,54,766,2325,23,22,281,249,1031,1175,0,0,False
8,0,1,0,584,0,26,618,716,30,28,259,199,422,535,0,0,False
103,5,2,1,799,0,29,499,885,1,0,246,197,484,601,0,0,False
25,0,1,0,917,0,33,446,1027,20,15,243,181,533,656,0,0,False
13,1,2,1,1299,0,44,1028,1359,2,0,362,317,712,850,0,0,False
5,0,2,0,2306,0,54,531,2439,7,6,190,165,1067,1211,0,0,False
4,1,2,1,4194,2,82,384,4300,3,2,4,3,1434,1583,0,0,False
108,26,4,4,526,0,25,661,676,1,0,270,210,418,530,1,0,False
6,0,1,0,828,145,30,474,916,62,53,241,188,491,608,0,0,False
130,44,3,2,2634,0,59,312,2708,2,1,113,98,1191,1337,0,0,True
31,5,2,1,2922,0,70,369,2950,5,4,92,77,1262,1410,0,0,False
73,6,2,1,926,0,33,439,1027,1,0,240,179,535,658,0,0,False
161,0,1,0,2191,22,54,620,2385,40,31,234,205,1052,1196,0,0,False
26,1,1,1,103,147,11,448,164,79,62,375,291,115,176,0,0,False
81,15,2,1,2948,20,72,397,2993,21,20,83,66,1283,1431,0,0,False
16,0,2,0,3562,0,78,384,3650,2,0,47,38,1371,1520,0,0,False
116,23,2,9,438,0,22,623,496,1,0,285,225,347,449,0,0,False
6,0,1,0,4,174,9,445,69,96,78,408,310,47,71,0,0,False
309,97,2,6,2482,1,56,403,2570,14,13,147,132,1128,1273,0,1,False
5,0,1,0,2260,333,54,571,2394,51,48,213,182,1056,1200,0,0,False
1,0,1,0,3187,16,74,354,3266,2,0,37,31,1336,1485,0,0,False
4,0,1,0,2430,249,55,435,2534,36,35,159,137,1110,1254,0,0,False
128,12,2,2,2327,0,54,512,2454,1,0,186,161,1073,1217,0,0,False
6,0,1,0,2458,12,55,412,2545,27,19,152,135,1116,1260,0,0,False
14,0,2,0,2427,0,55,438,2534,3,0,161,137,1110,1254,0,0,False
9,0,2,0,1425,174,48,1103,1566,43,42,365,336,795,939,0,0,False
181,29,2,1,3948,0,82,338,3995,4,1,28,23,1417,1566,0,0,False
100,5,2,1,4164,2,82,404,4258,6,5,7,6,1434,1583,0,0,False
10,0,1,0,577,188,26,625,715,67,57,259,200,422,535,0,0,False
8,0,1,0,1277,186,41,911,1314,43,37,317,272,691,828,0,0,False
116,58,4,5,2949,0,72,399,2993,1,0,82,66,1284,1432,0,0,False
41,0,2,0,2838,1,63,315,2868,1,0,103,90,1223,1369,0,0,False
70,86,2,4,1341,0,46,1082,1437,1,0,362,329,746,887,0,0,False
258,12,2,1,1862,0,51,847,2003,3,2,303,266,926,1070,0,0,False
60,0,3,0,1989,0,53,800,2246,1,0,292,257,996,1140,0,0,False
119,29,2,2,327,0,20,671,443,1,0,297,229,303,400,0,0,False
10,0,1,0,2338,298,54,501,2457,45,43,178,158,1075,1219,0,0,False
16,21,2,1,2652,7,59,295,2709,10,9,104,93,1195,1341,0,0,False
2,0,2,0,457,0,22,627,503,16,15,276,213,363,466,0,0,False
55,17,2,1,438,0,22,623,496,2,1,286,225,347,449,1,0,False
5,0,1,0,83,158,11,445,164,85,68,380,300,114,175,0,0,False
23,4,1,1,20,174,9,437,74,95,78,400,302,49,76,1,0,False
22,0,2,0,1965,3,53,820,2226,11,9,295,259,989,1133,0,0,False
54,26,2,1,575,0,26,627,714,1,0,260,202,422,535,0,0,False
94,15,2,2,2952,0,72,409,3001,1,0,81,64,1289,1437,0,0,False
15,0,2,0,225,0,16,576,245,2,0,340,266,199,279,0,0,False
5,0,1,0,523,78,25,661,665,12,13,271,209,416,528,0,0,False
109,34,4,15,366,0,21,661,462,1,0,297,226,318,418,1,5,False
16,0,1,0,125,25,12,496,170,38,38,376,294,126,189,0,0,False
102,33,3,5,447,0,22,625,501,1,0,281,216,354,457,1,0,False
64,10,4,2,1300,0,44,1038,1359,2,0,365,325,712,850,1,0,True
48,9,3,2,2859,0,64,343,2890,1,0,103,91,1232,1378,0,0,False
8,0,1,0,784,154,29,509,881,69,59,251,198,483,600,0,0,False
2,0,2,0,164,0,14,542,227,1,0,357,271,171,243,0,0,False
34,41,2,1,242,0,16,627,308,3,1,335,261,239,323,0,0,False
103,29,2,2,3872,0,80,227,3890,2,1,29,25,1398,1547,0,0,False
24,9,2,1,1528,0,49,1054,1704,1,0,354,314,844,988,0,0,False
85,44,2,1,449,0,22,626,503,1,0,277,214,361,464,0,0,False
29,0,2,0,6,0,9,451,69,17,14,409,310,47,71,0,0,False
17,0,1,0,1688,48,50,975,1919,67,53,326,289,907,1051,0,0,False
24,0,1,0,120,169,12,497,170,77,65,378,296,125,188,0,0,False
78,8,2,3,534,0,25,653,683,1,0,268,206,418,530,0,0,False
26,0,1,0,2424,14,55,440,2534,29,21,162,139,1110,1254,0,0,False
109,76,3,5,1027,0,34,461,1092,15,12,253,196,567,696,2,0,False
4,0,1,0,2675,2,59,277,2728,6,5,96,81,1198,1344,0,0,False
2,0,2,0,166,0,15,550,229,12,11,355,268,174,247,0,0,False
5,0,2,0,1092,213,37,515,1182,32,31,270,210,608,739,0,0,False
8,6,3,1,2479,11,56,404,2559,25,18,149,131,1123,1267,1,0,True
22,0,1,0,497,0,23,667,615,32,29,275,211,402,510,0,0,False
62,54,2,1,2286,0,54,549,2398,3,2,205,174,1058,1202,0,0,False
120,65,2,5,351,0,21,670,459,7,4,297,226,318,417,1,0,False
301,1,2,1,2121,0,54,683,2354,2,1,256,225,1045,1189,0,0,False
41,74,2,2,3169,0,74,364,3245,2,1,38,37,1328,1477,0,0,False
2,0,2,0,479,0,23,644,544,13,12,272,213,380,485,0,0,False
6,0,1,0,252,162,19,645,348,71,59,317,249,266,352,0,0,False
138,24,2,2,1575,0,50,1031,1777,1,0,337,301,879,1023,0,0,False
207,16,4,2,789,0,29,506,883,1,0,250,198,484,601,1,0,False
280,16,2,2,1275,0,40,785,1299,1,0,288,236,682,816,0,0,False
4,0,1,0,1755,43,51,951,1936,59,50,324,282,910,1054,0,0,False
266,331,4,2,625,0,26,608,753,1,0,253,205,434,547,1,1,False
30,42,2,1,2706,2,60,261,2769,3,2,85,73,1207,1353,0,0,False
132,120,1,1,2328,16,54,511,2454,32,23,184,159,1074,1218,0,0,False
15,0,1,0,179,172,16,576,242,68,55,355,272,186,262,0,0,False
11,2,2,1,3850,0,80,203,3874,1,0,31,26,1395,1544,0,0,False
1,0,1,0,1723,45,51,968,1935,63,51,327,286,910,1054,0,0,False
4,0,2,0,38,0,9,451,106,2,1,400,302,70,115,0,0,False
80,60,5,11,445,0,22,627,501,1,0,282,218,354,457,1,0,False
29,14,4,2,1299,0,44,1028,1359,4,0,363,317,712,850,1,0,True
6,0,2,0,2687,2,59,265,2728,4,3,92,77,1198,1344,0,0,False
6,0,1,0,232,168,16,605,272,78,64,332,258,220,302,0,0,False
10,38,2,2,313,1,20,673,437,4,1,303,230,297,393,0,0,False
45,13,2,2,308,0,20,675,427,1,0,311,233,294,388,0,0,False
54,38,3,2,1311,1,45,1060,1374,1,0,365,323,719,857,0,2,False
4,0,1,0,2732,137,60,270,2804,5,3,95,85,1210,1356,0,0,False
11,0,1,0,2716,149,60,283,2798,7,5,93,86,1210,1356,0,0,False
56,35,2,1,1039,2,35,463,1123,4,3,251,196,580,709,0,0,False
104,8,2,1,3183,6,74,357,3257,8,7,37,34,1334,1483,0,0,False
82,34,4,12,1397,0,47,1108,1542,1,0,367,337,783,926,0,6,False
216,44,2,1,3609,0,78,350,3690,3,2,51,43,1374,1523,0,0,False
12,0,1,0,1087,140,37,510,1182,60,51,270,207,605,736,0,0,False
59,12,2,3,2991,0,72,378,3029,2,0,63,52,1302,1450,0,0,False
72,5,2,1,1771,413,51,935,1953,67,67,313,277,911,1055,0,1,False
11,0,1,0,1016,136,34,452,1084,59,53,254,196,561,689,0,0,False
61,2,2,2,2601,0,59,328,2698,1,0,118,106,1185,1330,0,0,False
67,1,2,1,21,0,9,454,77,3,0,401,305,52,86,0,0,False
8,0,2,0,4163,3,82,405,4258,8,5,9,6,1433,1582,0,0,False
19,0,2,0,1532,0,49,1063,1712,7,6,354,314,850,994,0,0,False
19,24,5,3,991,0,34,435,1061,1,0,248,186,554,680,1,0,False
126,10,3,2,108,16,11,459,165,7,4,372,286,118,179,1,1,False
19,1,2,1,1025,137,34,460,1091,58,53,252,196,565,694,0,0,False
24,2,1,1,103,147,11,448,164,81,62,377,291,115,176,0,0,False
39,4,2,1,2991,0,72,378,3029,6,0,67,52,1302,1450,0,0,False
86,1,2,1,927,139,33,447,1029,59,50,242,181,536,660,0,1,False
5,0,1,0,1958,3,52,812,2183,13,10,296,261,977,1121,0,0,False
32,7,4,2,110,0,12,465,166,1,0,371,287,119,180,1,0,False
11,5,3,2,2996,0,72,398,3037,2,0,62,53,1303,1451,0,0,False
45,0,2,0,1417,53,48,1105,1565,71,71,365,336,791,935,0,0,False
19,0,2,0,3016,0,73,427,3081,3,1,53,48,1313,1461,0,0,False
5,0,1,0,736,19,29,540,859,20,21,262,211,475,592,0,0,False
265,8,2,1,170,0,15,567,236,1,0,354,269,181,256,0,0,False
36,0,1,0,2085,73,54,718,2344,21,17,266,235,1041,1185,0,0,False
7,0,2,0,1494,158,49,1058,1632,42,38,354,319,826,970,0,0,False
85,0,3,0,1019,0,34,461,1089,2,0,250,195,565,693,1,0,False
345,91,2,3,1573,129,50,1033,1761,34,32,341,303,867,1011,1,0,False
13,34,4,9,147,3,12,498,188,2,1,360,283,142,208,0,4,False
6,0,2,0,1889,52,51,821,2011,25,24,297,259,929,1073,0,0,False
62,10,3,1,110,0,12,470,166,1,0,374,289,120,181,1,0,False
303,35,5,3,388,164,22,639,475,66,53,291,222,328,428,1,0,False
19,0,1,0,2661,176,59,289,2722,19,14,103,87,1197,1343,0,0,False
41,34,4,2,1575,0,50,1031,1764,1,0,339,302,868,1012,0,0,False
56,32,4,3,1310,0,45,1060,1365,1,0,366,324,716,854,1,0,True
3,0,1,0,2624,196,59,320,2708,22,19,119,99,1190,1336,0,0,False
8,0,2,0,1682,9,50,981,1918,16,13,327,289,906,1050,0,0,False
9,0,2,0,3053,6,73,408,3159,7,6,45,42,1314,1463,0,0,False
108,0,2,0,892,0,31,467,1010,1,0,247,184,522,644,0,0,False
104,0,3,0,1216,1,39,737,1275,3,0,294,237,670,804,0,0,False
8,0,1,0,605,176,26,607,731,65,54,251,196,426,539,0,0,False
84,39,2,1,1205,0,39,730,1275,1,0,299,240,669,803,0,0,False
9,0,1,0,937,140,33,445,1037,57,49,240,178,539,663,0,0,False
72,3,2,1,3213,3,74,329,3274,4,2,34,29,1337,1486,0,0,False
34,27,4,3,61,0,9,437,121,3,2,393,298,83,133,0,1,False
5,0,1,0,2967,17,72,397,3012,19,18,73,59,1295,1443,0,0,False
421,14,2,1,957,0,33,431,1049,1,0,237,177,545,669,0,0,False
32,17,2,1,1815,0,51,893,1962,1,0,305,269,915,1059,0,0,False
117,43,2,3,622,0,26,606,751,1,0,253,203,434,547,0,0,False
45,124,2,5,2454,0,55,414,2543,1,0,152,134,1115,1259,0,0,False
42,0,1,0,1769,40,51,937,1947,56,47,314,278,911,1055,0,0,False
73,61,4,8,1409,53,48,1100,1564,72,71,364,337,790,933,0,2,False
5,0,2,0,2650,14,59,297,2709,10,10,105,94,1195,1341,0,0,False
219,0,1,0,1247,175,39,749,1291,49,41,291,235,675,809,0,0,False
12,17,2,1,3723,0,80,285,3807,1,0,44,37,1383,1532,0,0,False
